policy,stage,default,n_orders,rate,rate_sd,oracle,cost,gain,gain_sd,gain_half1,gain_half2,mcnemar_p_max,only_policy,only_default,best_fixed,gain_vs_best,gain_vs_best_sd,p_vs_best_max,only_policy_vs_best,only_best,n_recoverable,n_fired,repeated_failure,false_application,harm,false_rejection,boundary_precision,boundary_recall,pair,n_lessons,n_active,op_create,op_narrow,op_expand,op_exception,op_split,op_retire,gain_vs_pair,p_vs_pair_max,only_policy_vs_pair,only_pair,gain_vs_unshuffled,p_vs_unshuffled_max,only_policy_vs_unshuffled,only_unshuffled
fixed:bm25,query,bm25,5,0.3607,0.0,0.626,1.0,0.0,0.0,0.0,0.0,1.0,0.0,0.0,dense,-0.2127,0.0,0.0,68.0,387.0,398.0,0.0,1.0,,,1.0,,0.0,,,,,,,,,,,,,,,,,
fixed:dense,query,bm25,5,0.5733,0.0,0.626,1.0,0.2127,0.0,0.2139,0.2115,0.0,387.0,68.0,dense,0.0,0.0,1.0,0.0,0.0,398.0,0.0,0.0277,,,1.0,,0.0,,,,,,,,,,,,,,,,,
fixed:hybrid,query,bm25,5,0.47,0.0,0.626,1.0,0.1093,0.0,0.1077,0.1109,0.0,205.0,41.0,dense,-0.1033,0.0,0.0,43.0,198.0,398.0,0.0,0.4856,,,1.0,,0.0,,,,,,,,,,,,,,,,,
probe,query,bm25,5,0.626,0.0,0.626,3.0,0.2653,0.0,0.2675,0.2632,0.0,398.0,0.0,dense,0.0527,0.0,0.0,79.0,0.0,398.0,0.0,0.0,,,1.0,,0.0,,,,,,,,,,,,,,,,,
router:query,query,bm25,5,0.5561,0.0033,0.626,1.0,0.1955,0.0033,0.1883,0.2027,0.0,355.0,61.8,dense,-0.0172,0.0033,0.0137,8.4,34.2,398.0,0.0,0.1058,,,1.0,,0.0,,,,,,,,,,,,,,,,,
knn20:query,query,bm25,5,0.556,0.0036,0.626,1.0,0.1953,0.0036,0.1867,0.204,0.0,351.2,58.2,dense,-0.0173,0.0036,0.0029,10.2,36.2,398.0,0.0,0.1154,,,1.0,,0.0,,,,,,,,,,,,,,,,,
utility:query,query,bm25,5,0.5407,0.0042,0.626,1.0,0.18,0.0042,0.1584,0.2016,0.0,329.6,59.6,dense,-0.0327,0.0042,0.0,9.6,58.6,398.0,1253.2,0.1698,0.737,0.0476,0.133,0.263,0.8302,boundary:query,51.4,51.4,51.4,0.0,0.0,0.0,0.0,0.0,0.0763,0.0,147.0,32.6,,,,
boundary:query,query,bm25,5,0.4644,0.0041,0.626,1.0,0.1037,0.0041,0.0952,0.1123,0.0,191.6,36.0,dense,-0.1089,0.0041,0.0,33.0,196.4,398.0,668.2,0.5174,0.7131,0.0538,0.4771,0.2869,0.4826,utility:query,794.4,152.0,794.4,125.6,825.4,1534.2,326.2,316.2,-0.0763,0.0,32.6,147.0,,,,
utility:query:r2,query,bm25,5,0.5656,0.0017,0.626,1.0,0.2049,0.0017,0.2005,0.2093,0.0,371.4,64.0,dense,-0.0077,0.0017,0.049,4.6,16.2,398.0,1436.2,0.0645,0.7414,0.0446,0.0323,0.2586,0.9355,boundary:query:r2,15.4,15.4,15.4,0.0,0.0,0.0,0.0,0.0,0.0684,0.0,125.2,22.6,,,,
boundary:query:r2,query,bm25,5,0.4972,0.0108,0.626,1.0,0.1365,0.0108,0.1379,0.1352,0.0,251.4,46.6,dense,-0.0761,0.0108,0.0,24.0,138.2,398.0,964.2,0.3667,0.7395,0.0484,0.3048,0.2605,0.6333,utility:query:r2,1339.0,89.4,1339.0,312.8,1258.6,3080.0,730.4,519.2,-0.0684,0.0,22.6,125.2,,,,
utility+lr:query:r2,query,bm25,5,0.3931,0.0071,0.626,1.0,0.0324,0.0071,0.0488,0.016,0.0,57.8,9.2,dense,-0.1803,0.0071,0.0,60.2,330.6,398.0,290.8,0.8544,0.7913,0.0332,0.8136,0.2087,0.1456,boundary+lr:query:r2,15.4,15.4,15.4,0.0,0.0,0.0,0.0,0.0,-0.0867,0.0,56.8,186.8,,,,
boundary+lr:query:r2,query,bm25,5,0.4797,0.01,0.626,1.0,0.1191,0.01,0.1253,0.1128,0.0,220.6,42.0,dense,-0.0936,0.01,0.0,27.8,168.2,398.0,867.0,0.4443,0.7457,0.0483,0.3778,0.2543,0.5557,utility+lr:query:r2,792.8,65.8,792.8,220.6,763.2,1795.8,414.0,313.0,0.0867,0.0,186.8,56.8,,,,
router:pool,pool,bm25,5,0.5475,0.0022,0.626,1.0,0.1868,0.0022,0.1811,0.1925,0.0,340.4,60.2,dense,-0.0259,0.0022,0.0,10.0,48.8,398.0,0.0,0.1426,,,1.0,,0.0,,,,,,,,,,,,,,,,,
knn20:pool,pool,bm25,5,0.5505,0.0046,0.626,1.0,0.1899,0.0046,0.1856,0.1941,0.0,345.2,60.4,dense,-0.0228,0.0046,0.0002,9.6,43.8,398.0,0.0,0.1305,,,1.0,,0.0,,,,,,,,,,,,,,,,,
utility:pool,pool,bm25,5,0.448,0.005,0.626,1.0,0.0873,0.005,0.0597,0.1149,0.0,160.2,29.2,dense,-0.1253,0.005,0.0,40.4,228.4,398.0,533.6,0.5965,0.6998,0.0545,0.5683,0.3002,0.4035,boundary:pool,253.0,253.0,253.0,0.0,0.0,0.0,0.0,0.0,-0.0105,0.5716,41.6,57.4,,,,
boundary:pool,pool,bm25,5,0.4585,0.0095,0.626,1.0,0.0979,0.0095,0.0787,0.1171,0.0,179.8,33.0,dense,-0.1148,0.0095,0.0,36.2,208.4,398.0,588.2,0.5471,0.6944,0.0561,0.5138,0.3056,0.4529,utility:pool,811.0,317.2,811.0,383.0,1733.2,1326.4,295.4,198.4,0.0105,0.5716,57.4,41.6,,,,
utility:pool:r2,pool,bm25,5,0.5456,0.0023,0.626,1.0,0.1849,0.0023,0.1739,0.196,0.0,336.6,59.2,dense,-0.0277,0.0023,0.0,9.6,51.2,398.0,1224.4,0.1521,0.725,0.0483,0.1154,0.275,0.8479,boundary:pool:r2,60.4,60.4,60.4,0.0,0.0,0.0,0.0,0.0,0.0279,0.0005,66.0,24.2,,,,
boundary:pool:r2,pool,bm25,5,0.5177,0.0046,0.626,1.0,0.1571,0.0046,0.1499,0.1643,0.0,286.8,51.2,dense,-0.0556,0.0046,0.0,18.8,102.2,398.0,1030.0,0.2776,0.7215,0.0497,0.2287,0.2785,0.7224,utility:pool:r2,1379.6,233.8,1379.6,1044.4,2694.6,2990.4,700.6,445.2,-0.0279,0.0005,24.2,66.0,,,,
utility+lr:pool:r2,pool,bm25,5,0.4295,0.0062,0.626,1.0,0.0688,0.0062,0.0824,0.0552,0.0,124.0,20.8,dense,-0.1439,0.0062,0.0,50.2,266.0,398.0,583.0,0.6877,0.7867,0.0357,0.6126,0.2133,0.3123,boundary+lr:pool:r2,60.4,60.4,60.4,0.0,0.0,0.0,0.0,0.0,-0.0716,0.0,61.4,168.8,,,,
boundary+lr:pool:r2,pool,bm25,5,0.5011,0.0107,0.626,1.0,0.1404,0.0107,0.14,0.1408,0.0,258.2,47.6,dense,-0.0723,0.0107,0.0,23.0,131.4,398.0,935.6,0.3496,0.724,0.051,0.2851,0.276,0.6504,utility+lr:pool:r2,820.8,132.2,820.8,682.6,1721.4,1785.4,406.6,282.0,0.0716,0.0,168.8,61.4,,,,
router:primary_hits,primary_hits,bm25,5,0.5443,0.0015,0.626,1.8825,0.1836,0.0015,0.1795,0.1877,0.0,331.2,55.8,dense,-0.0291,0.0015,0.0,15.6,59.2,398.0,0.0,0.1657,,,1.0,,0.0,,,,,,,,,,,,,,,,,
knn20:primary_hits,primary_hits,bm25,5,0.5564,0.001,0.626,1.8581,0.1957,0.001,0.1893,0.2021,0.0,353.2,59.6,dense,-0.0169,0.001,0.0011,9.6,35.0,398.0,0.0,0.1104,,,1.0,,0.0,,,,,,,,,,,,,,,,,
utility:primary_hits,primary_hits,bm25,5,0.3831,0.0037,0.626,1.0835,0.0224,0.0037,0.0077,0.0371,0.0,39.8,6.2,dense,-0.1903,0.0037,0.0,61.8,347.2,398.0,125.2,0.8998,0.6816,0.048,0.8932,0.3184,0.1002,boundary:primary_hits,439.4,439.4,439.4,0.0,0.0,0.0,0.0,0.0,-0.0268,0.0006,17.2,57.4,,,,
boundary:primary_hits,primary_hits,bm25,5,0.4099,0.0098,0.626,1.1928,0.0492,0.0098,0.0277,0.0707,0.0,91.4,17.6,dense,-0.1635,0.0098,0.0,50.6,295.8,398.0,289.2,0.7698,0.6844,0.0609,0.7567,0.3156,0.2302,utility:primary_hits,551.8,391.0,551.8,274.4,1424.6,414.4,86.8,74.0,0.0268,0.0006,57.4,17.2,,,,
utility:primary_hits:r2,primary_hits,bm25,5,0.5201,0.0052,0.626,1.7081,0.1595,0.0052,0.1413,0.1776,0.0,291.2,52.0,dense,-0.0532,0.0052,0.0,16.8,96.6,398.0,1062.2,0.2665,0.7259,0.0489,0.2282,0.2741,0.7335,boundary:primary_hits:r2,121.8,121.8,121.8,0.0,0.0,0.0,0.0,0.0,0.0201,0.0178,63.0,32.8,,,,
boundary:primary_hits:r2,primary_hits,bm25,5,0.5,0.0046,0.626,1.6323,0.1393,0.0046,0.1256,0.1531,0.0,255.2,46.2,dense,-0.0733,0.0046,0.0,22.8,132.8,398.0,948.4,0.3572,0.7305,0.0487,0.3058,0.2695,0.6428,utility:primary_hits:r2,901.0,190.0,901.0,1498.8,2879.6,1737.8,400.8,310.2,-0.0201,0.0178,32.8,63.0,,,,
utility+lr:primary_hits:r2,primary_hits,bm25,5,0.4429,0.0028,0.626,1.4345,0.0823,0.0028,0.0896,0.0749,0.0,151.2,27.8,dense,-0.1304,0.0028,0.0,43.2,238.8,398.0,651.8,0.6191,0.7673,0.0427,0.538,0.2327,0.3809,boundary+lr:primary_hits:r2,121.8,121.8,121.8,0.0,0.0,0.0,0.0,0.0,-0.0472,0.0,60.2,131.0,,,,
boundary+lr:primary_hits:r2,primary_hits,bm25,5,0.4901,0.0046,0.626,1.5867,0.1295,0.0046,0.1165,0.1424,0.0,236.6,42.4,dense,-0.0832,0.0046,0.0,27.8,152.6,398.0,880.0,0.404,0.7305,0.0481,0.3516,0.2695,0.596,utility+lr:primary_hits:r2,651.6,143.0,651.6,1080.2,2355.6,1245.8,277.2,231.4,0.0472,0.0,131.0,60.2,,,,
shuffled:router:query,query,bm25,5,0.5487,0.0021,0.626,1.0,0.188,0.0021,0.1797,0.1963,0.0,344.6,62.6,dense,-0.0247,0.0021,0.0,6.8,43.8,398.0,0.0,0.132,,,1.0,,0.0,,,,,,,,,,,,,,-0.0075,0.8877,22.8,34.0
shuffled:knn20:query,query,bm25,5,0.5545,0.0081,0.626,1.0,0.1939,0.0081,0.1869,0.2008,0.0,352.6,61.8,dense,-0.0188,0.0081,0.0654,6.4,34.6,398.0,0.0,0.1119,,,1.0,,0.0,,,,,,,,,,,,,,-0.0015,1.0,24.8,27.0
shuffled:utility:query:r2,query,bm25,5,0.5672,0.004,0.626,1.0,0.2065,0.004,0.2021,0.2109,0.0,374.8,65.0,dense,-0.0061,0.004,1.0,3.4,12.6,398.0,1457.4,0.0559,0.7428,0.0446,0.0242,0.2572,0.9441,shuffled:boundary:query:r2,15.0,15.0,15.0,0.0,0.0,0.0,0.0,0.0,0.0828,0.0,151.2,27.0,0.0016,1.0,9.2,6.8
shuffled:boundary:query:r2,query,bm25,5,0.4844,0.0082,0.626,1.0,0.1237,0.0082,0.1149,0.1325,0.0,226.2,40.6,dense,-0.0889,0.0082,0.0,28.4,161.8,398.0,945.0,0.4302,0.7607,0.043,0.3657,0.2393,0.5698,shuffled:utility:query:r2,1545.0,202.2,1545.0,341.8,1770.0,3543.0,795.6,547.2,-0.0828,0.0,27.0,151.2,-0.0128,0.6503,87.4,106.6
shuffled:router:pool,pool,bm25,5,0.5389,0.0025,0.626,1.0,0.1783,0.0025,0.1717,0.1848,0.0,327.2,59.8,dense,-0.0344,0.0025,0.0,9.8,61.4,398.0,0.0,0.1758,,,1.0,,0.0,,,,,,,,,,,,,,-0.0085,0.5856,35.0,47.8
shuffled:knn20:pool,pool,bm25,5,0.5541,0.0065,0.626,1.0,0.1935,0.0065,0.1848,0.2021,0.0,352.6,62.4,dense,-0.0192,0.0065,0.0015,6.4,35.2,398.0,0.0,0.1118,,,1.0,,0.0,,,,,,,,,,,,,,0.0036,1.0,32.4,27.0
shuffled:utility:pool:r2,pool,bm25,5,0.5503,0.006,0.626,1.0,0.1896,0.006,0.1768,0.2024,0.0,345.4,61.0,dense,-0.0231,0.006,0.0051,7.2,41.8,398.0,1343.4,0.13,0.7429,0.0454,0.0746,0.2571,0.87,shuffled:boundary:pool:r2,61.8,61.8,61.8,0.0,0.0,0.0,0.0,0.0,0.0589,0.0,112.6,24.2,0.0047,0.7709,25.6,18.6
shuffled:boundary:pool:r2,pool,bm25,5,0.4913,0.0141,0.626,1.0,0.1307,0.0141,0.1144,0.1469,0.0,243.4,47.4,dense,-0.082,0.0141,0.0,21.8,144.8,398.0,988.0,0.3869,0.7539,0.048,0.3199,0.2461,0.6131,shuffled:utility:pool:r2,1310.4,195.8,1310.4,1012.2,2425.6,2672.6,628.0,486.6,-0.0589,0.0,24.2,112.6,-0.0264,0.3469,54.4,94.0
shuffled:router:primary_hits,primary_hits,bm25,5,0.53,0.0047,0.626,1.8931,0.1693,0.0047,0.1635,0.1752,0.0,310.6,56.6,dense,-0.0433,0.0047,0.0,14.2,79.2,398.0,0.0,0.2176,,,1.0,,0.0,,,,,,,,,,,,,,-0.0143,0.4262,43.6,65.0
shuffled:knn20:primary_hits,primary_hits,bm25,5,0.5556,0.0075,0.626,1.9271,0.1949,0.0075,0.1867,0.2032,0.0,353.8,61.4,dense,-0.0177,0.0075,0.0414,7.0,33.6,398.0,0.0,0.1088,,,1.0,,0.0,,,,,,,,,,,,,,-0.0008,1.0,25.8,27.0
shuffled:utility:primary_hits:r2,primary_hits,bm25,5,0.524,0.0112,0.626,1.7723,0.1633,0.0112,0.1491,0.1776,0.0,296.6,51.6,dense,-0.0493,0.0112,0.0,17.6,91.6,398.0,1158.4,0.2529,0.7441,0.0446,0.1995,0.2559,0.7471,shuffled:boundary:primary_hits:r2,132.0,132.0,132.0,0.0,0.0,0.0,0.0,0.0,0.0345,0.0011,84.6,32.8,0.0039,1.0,36.8,31.0
shuffled:boundary:primary_hits:r2,primary_hits,bm25,5,0.4895,0.0134,0.626,1.6593,0.1288,0.0134,0.1187,0.1389,0.0,237.4,44.2,dense,-0.0839,0.0134,0.0,25.0,150.8,398.0,989.0,0.402,0.7603,0.0447,0.335,0.2397,0.598,shuffled:utility:primary_hits:r2,1106.0,207.2,1106.0,1945.2,3321.4,2117.0,493.2,405.6,-0.0345,0.0011,32.8,84.6,-0.0105,0.8624,58.2,74.0
rule:primary_hits,primary_hits,bm25,5,0.394,0.0,0.626,1.272,0.0333,0.0,0.0301,0.0365,0.0,55.0,5.0,dense,-0.1793,0.0,0.0,64.0,333.0,398.0,408.0,0.8625,0.8652,0.0123,0.7038,0.1348,0.1375,,,,,,,,,,,,,,,,,
rule:primary_hits+veto,primary_hits,bm25,5,0.3916,0.0003,0.626,1.2588,0.0309,0.0003,0.0253,0.0365,0.0,50.8,4.4,dense,-0.1817,0.0003,0.0,64.6,337.2,398.0,388.2,0.872,0.8692,0.0113,0.7209,0.1308,0.128,,,,,,,,,,,,,,,,,
