pairs,n,agreement,rate,lo,hi
"nearest[0.6,1.0)",898,bm25,0.6414,0.6095,0.6721
"nearest[0.6,1.0)",898,dense,0.5256,0.4929,0.5581
"nearest[0.6,1.0)",898,hybrid,0.5301,0.4974,0.5625
"nearest[0.6,1.0)",898,best,0.2962,0.2673,0.3269
"nearest[0.4,0.6)",395,bm25,0.4886,0.4397,0.5378
"nearest[0.4,0.6)",395,dense,0.6101,0.5612,0.6569
"nearest[0.4,0.6)",395,hybrid,0.5494,0.5001,0.5977
"nearest[0.4,0.6)",395,best,0.319,0.275,0.3665
nearest_all,1293,bm25,0.5947,0.5677,0.6212
nearest_all,1293,dense,0.5514,0.5242,0.5783
nearest_all,1293,hybrid,0.536,0.5087,0.563
nearest_all,1293,best,0.3032,0.2787,0.3288
random,5000,bm25,0.5468,0.533,0.5606
random,5000,dense,0.5118,0.4979,0.5256
random,5000,hybrid,0.5078,0.4939,0.5216
random,5000,best,0.2776,0.2654,0.2902
