kind,policy,stage,default,n_orders,rate,rate_sd,oracle,cost,gain,gain_sd,gain_half1,gain_half2,mcnemar_p_max,only_policy,only_default,best_fixed,gain_vs_best,gain_vs_best_sd,p_vs_best_max,only_policy_vs_best,only_best,n_recoverable,n_fired,repeated_failure,false_application,harm,false_rejection,boundary_precision,boundary_recall,n_pairs,n_changed,hit_unchanged,default_unchanged,repeat_unchanged,repeat_best_unchanged,best_unchanged,oracle_unchanged,same_decision_unchanged,hit_changed,default_changed,repeat_changed,repeat_best_changed,best_changed,oracle_changed,same_decision_changed,p_vs_repeat_changed,n_unchanged_distinct,diff_vs_repeat_unchanged,diff_vs_repeat_unchanged_lo,diff_vs_repeat_unchanged_hi,diff_vs_best_unchanged,diff_vs_best_unchanged_lo,diff_vs_best_unchanged_hi,n_changed_distinct,diff_vs_repeat_changed,diff_vs_repeat_changed_lo,diff_vs_repeat_changed_hi,diff_vs_best_changed,diff_vs_best_changed_lo,diff_vs_best_changed_hi,pair,n_lessons,n_active,op_create,op_narrow,op_expand,op_exception,op_split,op_retire,gain_vs_pair,p_vs_pair_max,only_policy_vs_pair,only_pair,gain_vs_unshuffled,p_vs_unshuffled_max,only_policy_vs_unshuffled,only_unshuffled
alias,fixed:bm25,query,bm25,5,0.361,0.0,0.6318,1.0,0.0,0.0,0.0,0.0,1.0,0.0,0.0,dense,-0.2202,0.0,0.0,23.0,145.0,150.0,0.0,1.0,,,1.0,,0.0,27.8,4.2,0.5112,0.5112,0.7115,0.7115,0.7115,0.7115,1.0,0.0,0.0,0.2367,0.5333,0.5333,0.5333,1.0,1.0,45,-0.1778,-0.3111,-0.0667,-0.1778,-0.3111,-0.0667,8,-0.25,-0.625,0.0,-0.625,-0.875,-0.25,,,,,,,,,,,,,,,,,
alias,fixed:dense,query,bm25,5,0.5812,0.0,0.6318,1.0,0.2202,0.0,0.2361,0.2043,0.0,145.0,23.0,dense,0.0,0.0,1.0,0.0,0.0,150.0,0.0,0.0336,,,1.0,,0.0,27.8,4.2,0.7115,0.5112,0.7115,0.7115,0.7115,0.7115,1.0,0.5333,0.0,0.2367,0.5333,0.5333,0.5333,1.0,1.0,45,0.0,0.0,0.0,0.0,0.0,0.0,8,0.375,0.125,0.75,0.0,0.0,0.0,,,,,,,,,,,,,,,,,
alias,fixed:hybrid,query,bm25,5,0.4729,0.0,0.6318,1.0,0.1119,0.0,0.1119,0.1119,0.0,75.0,13.0,dense,-0.1083,0.0,0.0,16.0,76.0,150.0,0.0,0.4966,,,1.0,,0.0,27.8,4.2,0.6107,0.5112,0.7115,0.7115,0.7115,0.7115,1.0,0.4933,0.0,0.2367,0.5333,0.5333,0.5333,1.0,1.0,45,-0.0889,-0.1778,-0.0222,-0.0889,-0.1778,-0.0222,8,0.25,-0.25,0.75,-0.125,-0.375,0.0,,,,,,,,,,,,,,,,,
alias,text:exact,query,bm25,5,0.361,0.0,0.6318,1.0,0.0,0.0,0.0,0.0,1.0,0.0,0.0,dense,-0.2202,0.0,0.0,23.0,145.0,150.0,0.0,1.0,,,1.0,,0.0,27.8,4.2,0.5112,0.5112,0.7115,0.7115,0.7115,0.7115,1.0,0.0,0.0,0.2367,0.5333,0.5333,0.5333,1.0,1.0,45,-0.1778,-0.3111,-0.0667,-0.1778,-0.3111,-0.0667,8,-0.25,-0.625,0.0,-0.625,-0.875,-0.25,,,,,,,,,,,,,,,,,
alias,text:0.6,query,bm25,5,0.3935,0.0016,0.6318,1.0,0.0325,0.0016,0.0188,0.0462,0.0005,19.8,1.8,dense,-0.1877,0.0016,0.0,21.2,125.2,150.0,44.0,0.8671,0.549,0.0399,0.8671,0.451,0.1329,27.8,4.2,0.7115,0.5112,0.7115,0.7115,0.7115,0.7115,0.7812,0.2367,0.0,0.2367,0.5333,0.5333,0.5333,0.5833,1.0,45,0.0,0.0,0.0,0.0,0.0,0.0,8,0.0,0.0,0.0,-0.375,-0.75,-0.125,,,,,,,,,,,,,,,,,
alias,probe,query,bm25,5,0.6318,0.0,0.6318,3.0,0.2708,0.0,0.2845,0.257,0.0,150.0,0.0,dense,0.0505,0.0,0.0,28.0,0.0,150.0,0.0,0.0,,,1.0,,0.0,27.8,4.2,0.7115,0.5112,0.7115,0.7115,0.7115,0.7115,1.0,0.5333,0.0,0.2367,0.5333,0.5333,0.5333,1.0,1.0,45,0.0,0.0,0.0,0.0,0.0,0.0,8,0.375,0.125,0.75,0.0,0.0,0.0,,,,,,,,,,,,,,,,,
alias,router:query,query,bm25,5,0.5473,0.0021,0.6318,1.0,0.1863,0.0021,0.1798,0.1928,0.0,123.4,20.2,dense,-0.0339,0.0021,0.0003,3.2,22.0,150.0,0.0,0.1718,,,1.0,,0.0,27.8,4.2,0.7028,0.5112,0.7115,0.7115,0.7115,0.7115,0.6072,0.4933,0.0,0.2367,0.5333,0.5333,0.5333,0.5867,1.0,45,-0.0056,-0.0167,0.0,-0.0056,-0.0167,0.0,8,0.3438,0.0,0.75,-0.0312,-0.0938,0.0,,,,,,,,,,,,,,,,,
alias,knn20:query,query,bm25,5,0.5542,0.0069,0.6318,1.0,0.1931,0.0069,0.1877,0.1986,0.0,126.4,19.4,dense,-0.0271,0.0069,0.0636,3.6,18.6,150.0,0.0,0.1517,,,1.0,,0.0,27.8,4.2,0.7041,0.5112,0.7115,0.7115,0.7115,0.7115,0.6784,0.4933,0.0,0.2367,0.5333,0.5333,0.5333,0.7933,1.0,45,-0.0074,-0.0222,0.0,-0.0074,-0.0222,0.0,8,0.3438,0.0,0.75,-0.0312,-0.0938,0.0,,,,,,,,,,,,,,,,,
alias,utility:query,query,bm25,5,0.5235,0.0088,0.6318,1.0,0.1625,0.0088,0.1444,0.1805,0.0,106.8,16.8,dense,-0.0578,0.0088,0.0,6.6,38.6,150.0,373.2,0.2832,0.7132,0.0451,0.2537,0.2868,0.7168,27.8,4.2,0.6932,0.5112,0.7115,0.7115,0.7115,0.7115,0.5355,0.4433,0.0,0.2367,0.5333,0.5333,0.5333,0.3767,1.0,45,-0.0111,-0.0333,0.0,-0.0111,-0.0333,0.0,8,0.2708,0.0625,0.5417,-0.1042,-0.25,0.0,boundary:query,38.8,38.8,38.8,0.0,0.0,0.0,0.0,0.0,0.0581,0.0649,45.8,13.6,,,,
alias,boundary:query,query,bm25,5,0.4653,0.014,0.6318,1.0,0.1043,0.014,0.1047,0.104,0.0,68.8,11.0,dense,-0.1159,0.014,0.0,12.0,76.2,150.0,243.0,0.5383,0.7166,0.0459,0.4913,0.2834,0.4617,27.8,4.2,0.5771,0.5112,0.7115,0.7115,0.7115,0.7115,0.5668,0.3033,0.0,0.2367,0.5333,0.5333,0.5333,0.6467,1.0,45,-0.1037,-0.1963,-0.0333,-0.1037,-0.1963,-0.0333,8,0.0417,0.0,0.125,-0.3333,-0.6667,-0.0833,utility:query,250.8,61.0,250.8,53.8,227.0,485.6,102.6,87.2,-0.0581,0.0649,13.6,45.8,,,,
alias,utility:query:r2,query,bm25,5,0.5643,0.0024,0.6318,1.0,0.2032,0.0024,0.2051,0.2014,0.0,133.6,21.0,dense,-0.017,0.0024,0.049,2.0,11.4,150.0,508.8,0.1033,0.737,0.0413,0.0644,0.263,0.8967,27.8,4.2,0.7115,0.5112,0.7115,0.7115,0.7115,0.7115,0.8003,0.5333,0.0,0.2367,0.5333,0.5333,0.5333,0.8033,1.0,45,0.0,0.0,0.0,0.0,0.0,0.0,8,0.375,0.125,0.75,0.0,0.0,0.0,boundary:query:r2,11.2,11.2,11.2,0.0,0.0,0.0,0.0,0.0,0.0621,0.0001,42.0,7.6,,,,
alias,boundary:query:r2,query,bm25,5,0.5022,0.0128,0.6318,1.0,0.1412,0.0128,0.1516,0.1307,0.0,93.0,14.8,dense,-0.0791,0.0128,0.0,8.6,52.4,150.0,348.6,0.3759,0.7335,0.0425,0.3101,0.2665,0.6241,27.8,4.2,0.6239,0.5112,0.7115,0.7115,0.7115,0.7115,0.4946,0.3433,0.0,0.2367,0.5333,0.5333,0.5333,0.4833,1.0,45,-0.063,-0.1259,-0.0148,-0.063,-0.1259,-0.0148,8,0.0833,0.0,0.25,-0.2917,-0.625,-0.0417,utility:query:r2,392.0,47.4,392.0,122.6,350.6,858.0,196.6,148.0,-0.0621,0.0001,7.6,42.0,,,,
alias,utility+lr:query:r2,query,bm25,5,0.4166,0.0096,0.6318,1.0,0.0556,0.0096,0.0801,0.031,0.0001,36.4,5.6,dense,-0.1646,0.0096,0.0,18.4,109.6,150.0,174.6,0.7557,0.7854,0.0332,0.6711,0.2146,0.2443,27.8,4.2,0.5371,0.5112,0.7115,0.7115,0.7115,0.7115,0.5563,0.2067,0.0,0.2367,0.5333,0.5333,0.5333,0.5467,1.0,45,-0.15,-0.2556,-0.0556,-0.15,-0.2556,-0.0556,8,0.0208,-0.4375,0.4792,-0.3542,-0.6458,-0.0833,boundary+lr:query:r2,11.2,11.2,11.2,0.0,0.0,0.0,0.0,0.0,-0.0834,0.0003,23.0,69.2,,,,
alias,boundary+lr:query:r2,query,bm25,5,0.5,0.0119,0.6318,1.0,0.139,0.0119,0.1502,0.1278,0.0,92.6,15.6,dense,-0.0812,0.0119,0.0,7.6,52.6,150.0,343.6,0.3785,0.7309,0.0453,0.3168,0.2691,0.6215,27.8,4.2,0.6181,0.5112,0.7115,0.7115,0.7115,0.7115,0.4602,0.3833,0.0,0.2367,0.5333,0.5333,0.5333,0.5733,1.0,45,-0.0852,-0.163,-0.0222,-0.0852,-0.163,-0.0222,8,0.1458,0.0,0.3333,-0.2292,-0.5,-0.0417,utility+lr:query:r2,359.2,46.2,359.2,109.2,306.6,808.8,184.6,128.4,0.0834,0.0003,69.2,23.0,,,,
alias,router:pool,pool,bm25,5,0.5401,0.0039,0.6318,1.0,0.1791,0.0039,0.169,0.1892,0.0,119.2,20.0,dense,-0.0412,0.0039,0.0002,3.2,26.0,150.0,0.0,0.2,,,1.0,,0.0,27.8,4.2,0.7028,0.5112,0.7115,0.7115,0.7115,0.7115,0.5665,0.4533,0.0,0.2367,0.5333,0.5333,0.5333,0.5367,1.0,45,-0.0056,-0.0167,0.0,-0.0056,-0.0167,0.0,8,0.3021,-0.0104,0.6354,-0.0729,-0.1667,0.0,,,,,,,,,,,,,,,,,
alias,knn20:pool,pool,bm25,5,0.5509,0.0064,0.6318,1.0,0.1899,0.0064,0.1863,0.1935,0.0,124.8,19.6,dense,-0.0303,0.0064,0.0192,3.4,20.2,150.0,0.0,0.1624,,,1.0,,0.0,27.8,4.2,0.7115,0.5112,0.7115,0.7115,0.7115,0.7115,0.6501,0.4433,0.0,0.2367,0.5333,0.5333,0.5333,0.6933,1.0,45,0.0,0.0,0.0,0.0,0.0,0.0,8,0.2812,0.0,0.625,-0.0938,-0.25,0.0,,,,,,,,,,,,,,,,,
alias,utility:pool,pool,bm25,5,0.4054,0.0165,0.6318,1.0,0.0444,0.0165,0.0173,0.0715,0.0347,29.0,4.4,dense,-0.1758,0.0165,0.0,18.8,116.2,150.0,97.8,0.8054,0.7095,0.048,0.8013,0.2905,0.1946,27.8,4.2,0.5199,0.5112,0.7115,0.7115,0.7115,0.7115,0.9247,0.1167,0.0,0.2367,0.5333,0.5333,0.5333,0.8833,1.0,45,-0.1722,-0.2889,-0.0667,-0.1722,-0.2889,-0.0667,8,-0.1875,-0.4375,0.0,-0.5625,-0.875,-0.25,boundary:pool,130.6,130.6,130.6,0.0,0.0,0.0,0.0,0.0,-0.0307,0.2863,9.6,26.6,,,,
alias,boundary:pool,pool,bm25,5,0.4361,0.0185,0.6318,1.0,0.0751,0.0185,0.0505,0.0996,0.0001,47.2,5.6,dense,-0.1451,0.0185,0.0,17.4,97.8,150.0,149.0,0.6832,0.6811,0.0402,0.6711,0.3189,0.3168,27.8,4.2,0.5371,0.5112,0.7115,0.7115,0.7115,0.7115,0.8414,0.1967,0.0,0.2367,0.5333,0.5333,0.5333,0.6067,1.0,45,-0.1556,-0.2611,-0.0611,-0.1556,-0.2611,-0.0611,8,-0.0312,-0.0938,0.0,-0.4062,-0.75,-0.125,utility:pool,184.2,111.0,184.2,65.8,356.8,179.4,36.4,36.8,0.0307,0.2863,26.6,9.6,,,,
alias,utility:pool:r2,pool,bm25,5,0.5404,0.0054,0.6318,1.0,0.1794,0.0054,0.169,0.1899,0.0,117.4,18.0,dense,-0.0408,0.0054,0.0011,5.4,28.0,150.0,431.4,0.2121,0.7275,0.0418,0.1651,0.2725,0.7879,27.8,4.2,0.6773,0.5112,0.7115,0.7115,0.7115,0.7115,0.6731,0.4933,0.0,0.2367,0.5333,0.5333,0.5333,0.61,1.0,45,-0.0278,-0.0778,0.0,-0.0278,-0.0778,0.0,8,0.3333,0.0833,0.6667,-0.0417,-0.125,0.0,boundary:pool:r2,31.2,31.2,31.2,0.0,0.0,0.0,0.0,0.0,0.043,0.3604,35.0,11.2,,,,
alias,boundary:pool:r2,pool,bm25,5,0.4975,0.0173,0.6318,1.0,0.1365,0.0173,0.1285,0.1444,0.0,89.8,14.2,dense,-0.0838,0.0173,0.0,9.2,55.6,150.0,335.6,0.3973,0.7331,0.0424,0.3369,0.2669,0.6027,27.8,4.2,0.6604,0.5112,0.7115,0.7115,0.7115,0.7115,0.529,0.4833,0.0,0.2367,0.5333,0.5333,0.5333,0.2467,1.0,45,-0.0407,-0.0852,-0.0074,-0.0407,-0.0852,-0.0074,8,0.25,0.0,0.625,-0.125,-0.375,0.0,utility:pool:r2,277.4,63.6,277.4,285.8,493.8,512.8,118.8,95.0,-0.043,0.3604,11.2,35.0,,,,
alias,utility+lr:pool:r2,pool,bm25,5,0.448,0.0066,0.6318,1.0,0.087,0.0066,0.1018,0.0722,0.0,58.2,10.0,dense,-0.1332,0.0066,0.0,14.2,88.0,150.0,248.0,0.6094,0.7633,0.0403,0.4967,0.2367,0.3906,27.8,4.2,0.5817,0.5112,0.7115,0.7115,0.7115,0.7115,0.5329,0.2467,0.0,0.2367,0.5333,0.5333,0.5333,0.4333,1.0,45,-0.1333,-0.2389,-0.0444,-0.1333,-0.2389,-0.0444,8,0.0417,-0.375,0.4375,-0.3333,-0.5833,-0.0833,boundary+lr:pool:r2,31.2,31.2,31.2,0.0,0.0,0.0,0.0,0.0,-0.0412,1.0,23.4,46.2,,,,
alias,boundary+lr:pool:r2,pool,bm25,5,0.4892,0.0227,0.6318,1.0,0.1282,0.0227,0.1213,0.135,0.0,84.0,13.0,dense,-0.0921,0.0227,0.0,10.8,61.8,150.0,315.6,0.4362,0.7351,0.0412,0.3705,0.2649,0.5638,27.8,4.2,0.6535,0.5112,0.7115,0.7115,0.7115,0.7115,0.5019,0.35,0.0,0.2367,0.5333,0.5333,0.5333,0.37,1.0,45,-0.0741,-0.1519,-0.0185,-0.0741,-0.1519,-0.0185,8,0.1771,-0.0625,0.5,-0.1979,-0.4479,0.0,utility+lr:pool:r2,220.8,46.2,220.8,245.0,404.8,411.8,91.6,83.0,0.0412,1.0,46.2,23.4,,,,
alias,router:primary_hits,primary_hits,bm25,5,0.5321,0.0053,0.6318,1.8278,0.1711,0.0053,0.1661,0.1762,0.0,113.2,18.4,dense,-0.0491,0.0053,0.0,4.8,32.0,150.0,0.0,0.2403,,,1.0,,0.0,27.8,4.2,0.7028,0.5112,0.7115,0.7115,0.7115,0.7115,0.4955,0.4533,0.0,0.2367,0.5333,0.5333,0.5333,0.4167,1.0,45,-0.0056,-0.0167,0.0,-0.0056,-0.0167,0.0,8,0.2812,0.0,0.625,-0.0938,-0.25,0.0,,,,,,,,,,,,,,,,,
alias,knn20:primary_hits,primary_hits,bm25,5,0.5523,0.0069,0.6318,1.857,0.1913,0.0069,0.1863,0.1964,0.0,125.8,19.8,dense,-0.0289,0.0069,0.0309,3.2,19.2,150.0,0.0,0.1557,,,1.0,,0.0,27.8,4.2,0.7115,0.5112,0.7115,0.7115,0.7115,0.7115,0.636,0.4433,0.0,0.2367,0.5333,0.5333,0.5333,0.6933,1.0,45,0.0,0.0,0.0,0.0,0.0,0.0,8,0.2812,0.0,0.625,-0.0938,-0.25,0.0,,,,,,,,,,,,,,,,,
alias,utility:primary_hits,primary_hits,bm25,5,0.3711,0.0029,0.6318,1.0213,0.0101,0.0029,0.0029,0.0173,0.125,5.6,0.0,dense,-0.2101,0.0029,0.0,23.0,139.4,150.0,11.8,0.9624,0.5007,0.0,0.9584,0.4993,0.0376,27.8,4.2,0.5112,0.5112,0.7115,0.7115,0.7115,0.7115,1.0,0.0,0.0,0.2367,0.5333,0.5333,0.5333,1.0,1.0,45,-0.1778,-0.3111,-0.0667,-0.1778,-0.3111,-0.0667,8,-0.25,-0.625,0.0,-0.625,-0.875,-0.25,boundary:primary_hits,180.0,180.0,180.0,0.0,0.0,0.0,0.0,0.0,-0.0173,0.5078,2.8,12.4,,,,
alias,boundary:primary_hits,primary_hits,bm25,5,0.3884,0.0088,0.6318,1.0924,0.0274,0.0088,0.0108,0.044,0.0654,17.4,2.2,dense,-0.1928,0.0088,0.0,20.8,127.6,150.0,51.2,0.8832,0.6585,0.0424,0.8792,0.3415,0.1168,27.8,4.2,0.526,0.5112,0.7115,0.7115,0.7115,0.7115,0.9701,0.1167,0.0,0.2367,0.5333,0.5333,0.5333,0.8333,1.0,45,-0.1667,-0.2833,-0.0667,-0.1667,-0.2833,-0.0667,8,-0.1771,-0.4896,0.0833,-0.5521,-0.8438,-0.2188,utility:primary_hits,178.0,167.0,178.0,31.8,254.6,30.6,5.2,5.8,0.0173,0.5078,12.4,2.8,,,,
alias,utility:primary_hits:r2,primary_hits,bm25,5,0.5014,0.0043,0.6318,1.6094,0.1404,0.0043,0.1105,0.1704,0.0,91.8,14.0,dense,-0.0798,0.0043,0.0,9.2,53.4,150.0,337.6,0.3839,0.7277,0.0414,0.3463,0.2723,0.6161,27.8,4.2,0.6522,0.5112,0.7115,0.7115,0.7115,0.7115,0.5387,0.4933,0.0,0.2367,0.5333,0.5333,0.5333,0.4667,1.0,45,-0.0537,-0.1074,-0.0111,-0.0537,-0.1074,-0.0111,8,0.3333,0.0833,0.6667,-0.0417,-0.125,0.0,boundary:primary_hits:r2,61.2,61.2,61.2,0.0,0.0,0.0,0.0,0.0,0.0119,1.0,22.8,16.2,,,,
alias,boundary:primary_hits:r2,primary_hits,bm25,5,0.4895,0.0079,0.6318,1.5769,0.1285,0.0079,0.1148,0.1422,0.0,84.4,13.2,dense,-0.0917,0.0079,0.0,10.2,61.0,150.0,319.6,0.4336,0.7359,0.0413,0.3772,0.2641,0.5664,27.8,4.2,0.6517,0.5112,0.7115,0.7115,0.7115,0.7115,0.4861,0.3767,0.0,0.2367,0.5333,0.5333,0.5333,0.5933,1.0,45,-0.0556,-0.1167,-0.0056,-0.0556,-0.1167,-0.0056,8,0.1562,-0.0625,0.4375,-0.2188,-0.5,-0.0312,utility:primary_hits:r2,201.0,68.2,201.0,392.4,570.6,303.6,68.0,64.8,-0.0119,1.0,16.2,22.8,,,,
alias,utility+lr:primary_hits:r2,primary_hits,bm25,5,0.4603,0.0092,0.6318,1.491,0.0993,0.0092,0.0939,0.1047,0.0,64.6,9.6,dense,-0.1209,0.0092,0.0,14.2,81.2,150.0,272.0,0.5665,0.7626,0.0354,0.4456,0.2374,0.4335,27.8,4.2,0.6115,0.5112,0.7115,0.7115,0.7115,0.7115,0.5041,0.3367,0.0,0.2367,0.5333,0.5333,0.5333,0.55,1.0,45,-0.0815,-0.1481,-0.0278,-0.0815,-0.1481,-0.0278,8,0.2292,-0.0833,0.5833,-0.1458,-0.3333,0.0,boundary+lr:primary_hits:r2,61.2,61.2,61.2,0.0,0.0,0.0,0.0,0.0,-0.0144,0.6989,23.0,31.0,,,,
alias,boundary+lr:primary_hits:r2,primary_hits,bm25,5,0.4747,0.009,0.6318,1.5412,0.1137,0.009,0.0996,0.1278,0.0,75.8,12.8,dense,-0.1065,0.009,0.0,10.6,69.6,150.0,299.8,0.4913,0.7473,0.0426,0.4201,0.2527,0.5087,27.8,4.2,0.6517,0.5112,0.7115,0.7115,0.7115,0.7115,0.4724,0.4267,0.0,0.2367,0.5333,0.5333,0.5333,0.5433,1.0,45,-0.05,-0.1,-0.0111,-0.05,-0.1,-0.0111,8,0.2812,0.0,0.625,-0.0938,-0.25,0.0,utility+lr:primary_hits:r2,166.2,62.8,166.2,333.4,517.2,241.2,50.4,53.0,0.0144,0.6989,31.0,23.0,,,,
alias,shuffled:router:query,query,bm25,5,0.5408,0.006,0.6318,1.0,0.1798,0.006,0.1675,0.1921,0.0,118.2,18.6,dense,-0.0404,0.006,0.0003,5.0,27.4,150.0,0.0,0.2067,,,1.0,,0.0,27.8,4.2,0.7019,0.5112,0.7115,0.7115,0.7115,0.7115,0.6598,0.4933,0.0,0.2367,0.5333,0.5333,0.5333,0.7933,1.0,45,-0.0056,-0.0167,0.0,-0.0056,-0.0167,0.0,8,0.3438,0.0,0.75,-0.0312,-0.0938,0.0,,,,,,,,,,,,,,-0.0065,1.0,8.6,12.2
alias,shuffled:knn20:query,query,bm25,5,0.552,0.0111,0.6318,1.0,0.191,0.0111,0.1834,0.1986,0.0,126.0,20.2,dense,-0.0292,0.0111,0.0213,3.0,19.2,150.0,0.0,0.1544,,,1.0,,0.0,27.8,4.2,0.7041,0.5112,0.7115,0.7115,0.7115,0.7115,0.72,0.4933,0.0,0.2367,0.5333,0.5333,0.5333,0.8167,1.0,45,-0.0056,-0.0167,0.0,-0.0056,-0.0167,0.0,8,0.3438,0.0,0.75,-0.0312,-0.0938,0.0,,,,,,,,,,,,,,-0.0022,1.0,4.0,5.2
alias,shuffled:utility:query:r2,query,bm25,5,0.5578,0.0111,0.6318,1.0,0.1968,0.0111,0.1921,0.2014,0.0,129.8,20.8,dense,-0.0235,0.0111,0.0654,2.2,15.2,150.0,508.6,0.1289,0.7447,0.0409,0.0738,0.2553,0.8711,27.8,4.2,0.7115,0.5112,0.7115,0.7115,0.7115,0.7115,0.7954,0.5333,0.0,0.2367,0.5333,0.5333,0.5333,0.6867,1.0,45,0.0,0.0,0.0,0.0,0.0,0.0,8,0.375,0.125,0.75,0.0,0.0,0.0,shuffled:boundary:query:r2,12.6,12.6,12.6,0.0,0.0,0.0,0.0,0.0,0.0722,0.0002,50.6,10.6,-0.0065,0.8036,5.8,9.4
alias,shuffled:boundary:query:r2,query,bm25,5,0.4856,0.0115,0.6318,1.0,0.1245,0.0115,0.1235,0.1256,0.0,82.2,13.2,dense,-0.0957,0.0115,0.0,10.8,63.8,150.0,352.2,0.4483,0.7667,0.0375,0.3785,0.2333,0.5517,27.8,4.2,0.6376,0.5112,0.7115,0.7115,0.7115,0.7115,0.4272,0.4833,0.0,0.2367,0.5333,0.5333,0.5333,0.5467,1.0,45,-0.0537,-0.1148,-0.0111,-0.0537,-0.1148,-0.0111,8,0.25,0.0,0.625,-0.125,-0.375,0.0,shuffled:utility:query:r2,361.8,60.6,361.8,114.6,256.4,819.6,185.0,116.2,-0.0722,0.0002,10.6,50.6,-0.0166,0.3409,28.2,37.4
alias,shuffled:router:pool,pool,bm25,5,0.5303,0.005,0.6318,1.0,0.1693,0.005,0.156,0.1827,0.0,112.6,18.8,dense,-0.0509,0.005,0.0,4.8,33.0,150.0,0.0,0.2443,,,1.0,,0.0,27.8,4.2,0.6868,0.5112,0.7115,0.7115,0.7115,0.7115,0.5465,0.4933,0.0,0.2367,0.5333,0.5333,0.5333,0.7267,1.0,45,-0.0333,-0.0889,0.0,-0.0333,-0.0889,0.0,8,0.3438,0.0,0.75,-0.0312,-0.0938,0.0,,,,,,,,,,,,,,-0.0097,1.0,12.6,18.0
alias,shuffled:knn20:pool,pool,bm25,5,0.5487,0.0137,0.6318,1.0,0.1877,0.0137,0.1841,0.1913,0.0,124.0,20.0,dense,-0.0325,0.0137,0.0386,3.0,21.0,150.0,0.0,0.1678,,,1.0,,0.0,27.8,4.2,0.7041,0.5112,0.7115,0.7115,0.7115,0.7115,0.6931,0.4933,0.0,0.2367,0.5333,0.5333,0.5333,0.8433,1.0,45,-0.0056,-0.0167,0.0,-0.0056,-0.0167,0.0,8,0.3438,0.0,0.75,-0.0312,-0.0938,0.0,,,,,,,,,,,,,,-0.0022,1.0,5.8,7.0
alias,shuffled:utility:pool:r2,pool,bm25,5,0.5325,0.0127,0.6318,1.0,0.1715,0.0127,0.1509,0.1921,0.0,114.0,19.0,dense,-0.0487,0.0127,0.0002,4.2,31.2,150.0,433.2,0.2349,0.737,0.0438,0.1839,0.263,0.7651,27.8,4.2,0.6868,0.5112,0.7115,0.7115,0.7115,0.7115,0.594,0.5333,0.0,0.2367,0.5333,0.5333,0.5333,0.47,1.0,45,-0.0204,-0.0556,0.0,-0.0204,-0.0556,0.0,8,0.375,0.125,0.75,0.0,0.0,0.0,shuffled:boundary:pool:r2,36.2,36.2,36.2,0.0,0.0,0.0,0.0,0.0,0.0484,0.0241,40.2,13.4,-0.0079,0.7905,11.4,15.8
alias,shuffled:boundary:pool:r2,pool,bm25,5,0.4841,0.0042,0.6318,1.0,0.1231,0.0042,0.1119,0.1343,0.0,83.6,15.4,dense,-0.0971,0.0042,0.0,8.4,62.2,150.0,343.0,0.4389,0.7561,0.0446,0.3772,0.2439,0.5611,27.8,4.2,0.6183,0.5112,0.7115,0.7115,0.7115,0.7115,0.516,0.4033,0.0,0.2367,0.5333,0.5333,0.5333,0.3,1.0,45,-0.0852,-0.1704,-0.0222,-0.0852,-0.1704,-0.0222,8,0.1562,-0.2812,0.5938,-0.2188,-0.5,0.0,shuffled:utility:pool:r2,295.4,66.6,295.4,270.6,490.6,570.0,131.0,97.8,-0.0484,0.0241,13.4,40.2,-0.0134,0.6254,27.2,34.6
alias,shuffled:router:primary_hits,primary_hits,bm25,5,0.5217,0.0095,0.6318,1.8408,0.1606,0.0095,0.1458,0.1755,0.0,107.0,18.0,dense,-0.0596,0.0095,0.0,5.6,38.6,150.0,0.0,0.2819,,,1.0,,0.0,27.8,4.2,0.6622,0.5112,0.7115,0.7115,0.7115,0.7115,0.5143,0.4933,0.0,0.2367,0.5333,0.5333,0.5333,0.62,1.0,45,-0.05,-0.1111,0.0,-0.05,-0.1111,0.0,8,0.3438,0.0,0.75,-0.0312,-0.0938,0.0,,,,,,,,,,,,,,-0.0105,1.0,17.2,23.0
alias,shuffled:knn20:primary_hits,primary_hits,bm25,5,0.5484,0.0145,0.6318,1.8816,0.1874,0.0145,0.1819,0.1928,0.0,123.4,19.6,dense,-0.0329,0.0145,0.0352,3.4,21.6,150.0,0.0,0.1718,,,1.0,,0.0,27.8,4.2,0.7115,0.5112,0.7115,0.7115,0.7115,0.7115,0.7021,0.4933,0.0,0.2367,0.5333,0.5333,0.5333,0.7933,1.0,45,0.0,0.0,0.0,0.0,0.0,0.0,8,0.3438,0.0,0.75,-0.0312,-0.0938,0.0,,,,,,,,,,,,,,-0.004,1.0,5.2,7.4
alias,shuffled:utility:primary_hits:r2,primary_hits,bm25,5,0.4928,0.0194,0.6318,1.6112,0.1318,0.0194,0.0968,0.1668,0.0,86.4,13.4,dense,-0.0884,0.0194,0.0,10.2,59.2,150.0,338.6,0.4201,0.7458,0.0396,0.3624,0.2542,0.5799,27.8,4.2,0.6548,0.5112,0.7115,0.7115,0.7115,0.7115,0.5102,0.5333,0.0,0.2367,0.5333,0.5333,0.5333,0.47,1.0,45,-0.0537,-0.1056,-0.0111,-0.0537,-0.1056,-0.0111,8,0.375,0.125,0.75,0.0,0.0,0.0,shuffled:boundary:primary_hits:r2,66.4,66.4,66.4,0.0,0.0,0.0,0.0,0.0,0.0206,0.7201,24.4,13.0,-0.0087,0.7493,17.4,22.2
alias,shuffled:boundary:primary_hits:r2,primary_hits,bm25,5,0.4722,0.0087,0.6318,1.5628,0.1112,0.0087,0.0852,0.1372,0.0,73.6,12.0,dense,-0.109,0.0087,0.0,11.2,71.6,150.0,311.8,0.5061,0.7636,0.0383,0.4524,0.2364,0.4939,27.8,4.2,0.6395,0.5112,0.7115,0.7115,0.7115,0.7115,0.4074,0.4333,0.0,0.2367,0.5333,0.5333,0.5333,0.5067,1.0,45,-0.063,-0.1241,-0.0167,-0.063,-0.1241,-0.0167,8,0.1875,0.0,0.4375,-0.1875,-0.4375,0.0,shuffled:utility:primary_hits:r2,219.6,75.2,219.6,419.4,616.2,348.2,76.2,68.2,-0.0206,0.7201,13.0,24.4,-0.0173,0.5831,20.4,30.0
alias,rule:primary_hits,primary_hits,bm25,5,0.4043,0.0,0.6318,1.3195,0.0433,0.0,0.0412,0.0455,0.0,24.0,0.0,dense,-0.1769,0.0,0.0,24.0,122.0,150.0,177.0,0.8389,0.8644,0.0,0.659,0.1356,0.1611,27.8,4.2,0.644,0.5112,0.7115,0.7115,0.7115,0.7115,0.4001,0.2367,0.0,0.2367,0.5333,0.5333,0.5333,0.4933,1.0,45,-0.0667,-0.1556,0.0,-0.0667,-0.1556,0.0,8,0.0,0.0,0.0,-0.375,-0.75,-0.125,,,,,,,,,,,,,,,,,
alias,rule:primary_hits+veto,primary_hits,bm25,5,0.3939,0.0014,0.6318,1.2726,0.0329,0.0014,0.0202,0.0455,0.0,18.2,0.0,dense,-0.1874,0.0014,0.0,23.8,127.6,150.0,151.0,0.8779,0.8795,0.0,0.7235,0.1205,0.1221,27.8,4.2,0.6268,0.5112,0.7115,0.7115,0.7115,0.7115,0.4429,0.2367,0.0,0.2367,0.5333,0.5333,0.5333,0.3867,1.0,45,-0.0833,-0.1667,-0.0167,-0.0833,-0.1667,-0.0167,8,0.0,0.0,0.0,-0.375,-0.75,-0.125,,,,,,,,,,,,,,,,,
distractor_para,fixed:bm25,query,bm25,5,0.2531,0.0,0.5199,1.0,0.0,0.0,0.0,0.0,1.0,0.0,0.0,dense,-0.2145,0.0,0.0,33.0,222.0,235.0,0.0,1.0,,,1.0,,0.0,192.2,60.6,0.1751,0.1751,0.384,0.384,0.3522,0.384,1.0,0.0253,0.0253,0.1743,0.3114,0.3018,0.3911,1.0,0.0312,251,-0.2072,-0.259,-0.1594,-0.1793,-0.2351,-0.1235,120,-0.15,-0.2167,-0.0917,-0.2833,-0.375,-0.1917,,,,,,,,,,,,,,,,,
distractor_para,fixed:dense,query,bm25,5,0.4677,0.0,0.5199,1.0,0.2145,0.0,0.2164,0.2127,0.0,222.0,33.0,dense,0.0,0.0,1.0,0.0,0.0,235.0,0.0,0.0556,,,1.0,,0.0,192.2,60.6,0.3522,0.1751,0.384,0.384,0.3522,0.384,1.0,0.3018,0.0253,0.1743,0.3114,0.3018,0.3911,1.0,0.125,251,-0.0279,-0.0518,-0.008,0.0,0.0,0.0,120,0.1333,0.0583,0.2083,0.0,0.0,0.0,,,,,,,,,,,,,,,,,
distractor_para,fixed:hybrid,query,bm25,5,0.3621,0.0,0.5199,1.0,0.109,0.0,0.11,0.1079,0.0,113.0,17.0,dense,-0.1056,0.0,0.0,30.0,123.0,235.0,0.0,0.5205,,,1.0,,0.0,192.2,60.6,0.2457,0.1751,0.384,0.384,0.3522,0.384,1.0,0.1938,0.0253,0.1743,0.3114,0.3018,0.3911,1.0,1.0,251,-0.1275,-0.1713,-0.0876,-0.0996,-0.1434,-0.0558,120,0.025,-0.0833,0.125,-0.1083,-0.2,-0.0167,,,,,,,,,,,,,,,,,
distractor_para,text:exact,query,bm25,5,0.3351,0.0005,0.5199,1.0,0.082,0.0005,0.0395,0.1243,0.0,72.2,0.0,dense,-0.1326,0.0005,0.0,34.0,150.8,235.0,111.0,0.6914,0.3494,0.0,0.6838,0.6506,0.3086,192.2,60.6,0.384,0.1751,0.384,0.384,0.3522,0.384,0.7912,0.1743,0.0253,0.1743,0.3114,0.3018,0.3911,0.4179,1.0,251,0.0,0.0,0.0,0.0279,0.008,0.0518,120,0.0,0.0,0.0,-0.1333,-0.2083,-0.0583,,,,,,,,,,,,,,,,,
distractor_para,text:0.6,query,bm25,5,0.3403,0.0051,0.5199,1.0,0.0872,0.0051,0.0477,0.1265,0.0,79.2,2.4,dense,-0.1274,0.0051,0.0,31.6,143.8,235.0,137.2,0.6615,0.422,0.0173,0.6538,0.578,0.3385,192.2,60.6,0.384,0.1751,0.384,0.384,0.3522,0.384,0.751,0.1743,0.0253,0.1743,0.3114,0.3018,0.3911,0.4192,1.0,251,0.0,0.0,0.0,0.0279,0.008,0.0518,120,0.0,0.0,0.0,-0.1333,-0.2083,-0.0583,,,,,,,,,,,,,,,,,
distractor_para,probe,query,bm25,5,0.5199,0.0,0.5199,3.0,0.2667,0.0,0.2677,0.2658,0.0,235.0,0.0,dense,0.0522,0.0,0.0,46.0,0.0,235.0,0.0,0.0,,,1.0,,0.0,192.2,60.6,0.384,0.1751,0.384,0.384,0.3522,0.384,1.0,0.3911,0.0253,0.1743,0.3114,0.3018,0.3911,1.0,0.002,251,0.0,0.0,0.0,0.0279,0.008,0.0518,120,0.225,0.1583,0.3,0.0917,0.0417,0.1417,,,,,,,,,,,,,,,,,
distractor_para,router:query,query,bm25,5,0.4461,0.0038,0.5199,1.0,0.193,0.0038,0.1814,0.2045,0.0,198.8,28.8,dense,-0.0216,0.0038,0.0106,5.2,24.2,235.0,0.0,0.1504,,,1.0,,0.0,192.2,60.6,0.3488,0.1751,0.384,0.384,0.3522,0.384,0.7501,0.2897,0.0253,0.1743,0.3114,0.3018,0.3911,0.8415,0.146,251,-0.0309,-0.0521,-0.0133,-0.003,-0.0103,0.0033,120,0.1215,0.0431,0.2007,-0.0118,-0.0333,0.0056,,,,,,,,,,,,,,,,,
distractor_para,knn20:query,query,bm25,5,0.4509,0.0008,0.5199,1.0,0.1977,0.0008,0.185,0.2104,0.0,201.6,27.4,dense,-0.0168,0.0008,0.0201,7.0,21.8,235.0,0.0,0.1385,,,1.0,,0.0,192.2,60.6,0.3567,0.1751,0.384,0.384,0.3522,0.384,0.8089,0.3029,0.0253,0.1743,0.3114,0.3018,0.3911,0.8367,0.0703,251,-0.0239,-0.0438,-0.008,0.004,0.0,0.012,120,0.1368,0.0583,0.2146,0.0035,-0.0111,0.025,,,,,,,,,,,,,,,,,
distractor_para,utility:query,query,bm25,5,0.425,0.008,0.5199,1.0,0.1719,0.008,0.1514,0.1923,0.0,178.2,26.8,dense,-0.0427,0.008,0.0001,7.4,45.0,235.0,681.6,0.2385,0.7385,0.0394,0.1718,0.2615,0.7615,192.2,60.6,0.3337,0.1751,0.384,0.384,0.3522,0.384,0.7781,0.2964,0.0253,0.1743,0.3114,0.3018,0.3911,0.7863,0.0768,251,-0.0455,-0.0701,-0.0239,-0.0176,-0.0342,-0.003,120,0.1319,0.0542,0.2118,-0.0014,-0.0181,0.0201,boundary:query,37.2,37.2,37.2,0.0,0.0,0.0,0.0,0.0,0.0681,0.0076,78.2,18.2,,,,
distractor_para,boundary:query,query,bm25,5,0.3569,0.0164,0.5199,1.0,0.1037,0.0164,0.0936,0.1138,0.0,106.0,14.6,dense,-0.1108,0.0164,0.0,19.0,116.6,235.0,395.6,0.547,0.7325,0.0371,0.4855,0.2675,0.453,192.2,60.6,0.2787,0.1751,0.384,0.384,0.3522,0.384,0.4725,0.2405,0.0253,0.1743,0.3114,0.3018,0.3911,0.4629,0.7266,251,-0.1103,-0.1432,-0.0787,-0.0824,-0.1164,-0.0498,120,0.0703,0.0132,0.1276,-0.0631,-0.1113,-0.0168,utility:query,570.4,168.2,570.4,78.8,650.4,1194.0,244.2,158.0,-0.0681,0.0076,18.2,78.2,,,,
distractor_para,utility:query:r2,query,bm25,5,0.454,0.0047,0.5199,1.0,0.2009,0.0047,0.1905,0.2113,0.0,208.0,31.0,dense,-0.0136,0.0047,0.1797,2.0,14.0,235.0,826.6,0.1111,0.7483,0.0375,0.0453,0.2517,0.8889,192.2,60.6,0.349,0.1751,0.384,0.384,0.3522,0.384,0.9045,0.3018,0.0253,0.1743,0.3114,0.3018,0.3911,0.8981,0.125,251,-0.0302,-0.0531,-0.012,-0.0023,-0.006,0.0,120,0.1333,0.0583,0.2083,0.0,0.0,0.0,boundary:query:r2,11.2,11.2,11.2,0.0,0.0,0.0,0.0,0.0,0.0751,0.0,81.6,15.4,,,,
distractor_para,boundary:query:r2,query,bm25,5,0.3789,0.0149,0.5199,1.0,0.1258,0.0149,0.1186,0.1329,0.0,130.8,20.0,dense,-0.0888,0.0149,0.0,14.6,92.8,235.0,512.4,0.441,0.7453,0.0391,0.3675,0.2547,0.559,192.2,60.6,0.2964,0.1751,0.384,0.384,0.3522,0.384,0.4865,0.2225,0.0253,0.1743,0.3114,0.3018,0.3911,0.4524,0.7744,251,-0.0859,-0.1147,-0.0608,-0.058,-0.0843,-0.0336,120,0.0451,-0.0285,0.1194,-0.0882,-0.1389,-0.041,utility:query:r2,586.8,97.6,586.8,150.6,545.6,1296.6,294.8,194.4,-0.0751,0.0,15.4,81.6,,,,
distractor_para,utility+lr:query:r2,query,bm25,5,0.2799,0.0134,0.5199,1.0,0.0268,0.0134,0.0432,0.0104,0.4545,29.0,5.4,dense,-0.1877,0.0134,0.0,29.2,194.6,235.0,161.0,0.8761,0.8261,0.039,0.8214,0.1739,0.1239,192.2,60.6,0.1845,0.1751,0.384,0.384,0.3522,0.384,0.7488,0.0541,0.0253,0.1743,0.3114,0.3018,0.3911,0.7223,0.375,251,-0.198,-0.2503,-0.1501,-0.1701,-0.2258,-0.1175,120,-0.1208,-0.191,-0.059,-0.2542,-0.3417,-0.1646,boundary+lr:query:r2,11.2,11.2,11.2,0.0,0.0,0.0,0.0,0.0,-0.0928,0.0,27.2,109.0,,,,
distractor_para,boundary+lr:query:r2,query,bm25,5,0.3728,0.0108,0.5199,1.0,0.1196,0.0108,0.1159,0.1234,0.0,123.2,17.8,dense,-0.0949,0.0108,0.0,16.8,100.4,235.0,481.8,0.4735,0.7445,0.037,0.3906,0.2555,0.5265,192.2,60.6,0.2809,0.1751,0.384,0.384,0.3522,0.384,0.4859,0.2133,0.0253,0.1743,0.3114,0.3018,0.3911,0.4336,1.0,251,-0.1022,-0.134,-0.0737,-0.0743,-0.1061,-0.0455,120,0.0382,-0.0354,0.1153,-0.0951,-0.1535,-0.0424,utility+lr:query:r2,446.8,75.4,446.8,132.0,421.0,1001.4,221.8,149.6,0.0928,0.0,109.0,27.2,,,,
distractor_para,router:pool,pool,bm25,5,0.4372,0.0031,0.5199,1.0,0.1841,0.0031,0.1695,0.1986,0.0,191.0,28.8,dense,-0.0304,0.0031,0.0003,6.0,32.8,235.0,0.0,0.1838,,,1.0,,0.0,192.2,60.6,0.3413,0.1751,0.384,0.384,0.3522,0.384,0.6698,0.2806,0.0253,0.1743,0.3114,0.3018,0.3911,0.7587,0.2101,251,-0.0382,-0.0608,-0.0179,-0.0103,-0.0249,0.0013,120,0.1146,0.0375,0.191,-0.0187,-0.0521,0.0111,,,,,,,,,,,,,,,,,
distractor_para,knn20:pool,pool,bm25,5,0.4463,0.0053,0.5199,1.0,0.1932,0.0053,0.1818,0.2045,0.0,199.4,29.2,dense,-0.0213,0.0053,0.0433,5.4,24.2,235.0,0.0,0.1479,,,1.0,,0.0,192.2,60.6,0.3505,0.1751,0.384,0.384,0.3522,0.384,0.7889,0.306,0.0253,0.1743,0.3114,0.3018,0.3911,0.8208,0.125,251,-0.0305,-0.0521,-0.0129,-0.0027,-0.0176,0.012,120,0.1299,0.0535,0.2035,-0.0035,-0.0285,0.0187,,,,,,,,,,,,,,,,,
distractor_para,utility:pool,pool,bm25,5,0.2978,0.0067,0.5199,1.0,0.0447,0.0067,0.015,0.0744,0.0,45.4,6.0,dense,-0.1698,0.0067,0.0,28.4,178.0,235.0,167.6,0.806,0.7283,0.0355,0.7838,0.2717,0.194,192.2,60.6,0.2375,0.1751,0.384,0.384,0.3522,0.384,0.7433,0.1028,0.0253,0.1743,0.3114,0.3018,0.3911,0.6469,0.8036,251,-0.1517,-0.1975,-0.1112,-0.1238,-0.1733,-0.0803,120,-0.0633,-0.1382,0.0069,-0.1967,-0.2751,-0.1222,boundary:pool,191.6,191.6,191.6,0.0,0.0,0.0,0.0,0.0,-0.0107,1.0,18.4,27.8,,,,
distractor_para,boundary:pool,pool,bm25,5,0.3085,0.0059,0.5199,1.0,0.0554,0.0059,0.0255,0.0853,0.0,58.6,9.8,dense,-0.1591,0.0059,0.0,24.2,164.4,235.0,219.8,0.7496,0.732,0.0434,0.7325,0.268,0.2504,192.2,60.6,0.236,0.1751,0.384,0.384,0.3522,0.384,0.6736,0.1412,0.0253,0.1743,0.3114,0.3018,0.3911,0.6472,1.0,251,-0.1475,-0.1919,-0.1069,-0.1197,-0.1651,-0.0772,120,-0.0274,-0.11,0.049,-0.1607,-0.2294,-0.0961,utility:pool,278.2,179.6,278.2,108.6,453.6,238.0,47.6,51.0,0.0107,1.0,27.8,18.4,,,,
distractor_para,utility:pool:r2,pool,bm25,5,0.4254,0.0055,0.5199,1.0,0.1723,0.0055,0.1482,0.1964,0.0,179.0,27.2,dense,-0.0422,0.0055,0.0,6.2,43.4,235.0,698.0,0.235,0.7433,0.039,0.1556,0.2567,0.765,192.2,60.6,0.3412,0.1751,0.384,0.384,0.3522,0.384,0.712,0.2625,0.0253,0.1743,0.3114,0.3018,0.3911,0.7783,0.5078,251,-0.0395,-0.0627,-0.0206,-0.0116,-0.0262,0.0007,120,0.1007,0.0236,0.1771,-0.0326,-0.0563,-0.0132,boundary:pool:r2,47.4,47.4,47.4,0.0,0.0,0.0,0.0,0.0,0.03,0.044,47.6,21.2,,,,
distractor_para,boundary:pool:r2,pool,bm25,5,0.3955,0.0042,0.5199,1.0,0.1423,0.0042,0.1259,0.1587,0.0,145.4,20.0,dense,-0.0722,0.0042,0.0,15.2,78.8,235.0,559.8,0.3786,0.7401,0.0358,0.2957,0.2599,0.6214,192.2,60.6,0.2938,0.1751,0.384,0.384,0.3522,0.384,0.5366,0.237,0.0253,0.1743,0.3114,0.3018,0.3911,0.5576,0.7266,251,-0.0906,-0.1235,-0.0621,-0.0627,-0.0956,-0.0332,120,0.0782,-0.0028,0.1578,-0.0551,-0.0885,-0.0262,utility:pool:r2,480.2,105.0,480.2,452.6,836.2,955.4,219.2,156.0,-0.03,0.044,21.2,47.6,,,,
distractor_para,utility+lr:pool:r2,pool,bm25,5,0.3337,0.0097,0.5199,1.0,0.0806,0.0097,0.0977,0.0635,0.0,82.0,11.0,dense,-0.1339,0.0097,0.0,25.6,143.6,235.0,401.2,0.6496,0.795,0.0279,0.518,0.205,0.3504,192.2,60.6,0.2392,0.1751,0.384,0.384,0.3522,0.384,0.4194,0.1164,0.0253,0.1743,0.3114,0.3018,0.3911,0.3711,1.0,251,-0.1452,-0.1871,-0.1066,-0.1173,-0.1627,-0.0751,120,-0.0432,-0.1097,0.0179,-0.1765,-0.2514,-0.0993,boundary+lr:pool:r2,47.4,47.4,47.4,0.0,0.0,0.0,0.0,0.0,-0.0545,0.002,37.4,85.4,,,,
distractor_para,boundary+lr:pool:r2,pool,bm25,5,0.3882,0.0084,0.5199,1.0,0.1351,0.0084,0.1232,0.1469,0.0,136.6,17.6,dense,-0.0795,0.0084,0.0,17.6,87.6,235.0,532.6,0.4162,0.7436,0.033,0.335,0.2564,0.5838,192.2,60.6,0.2838,0.1751,0.384,0.384,0.3522,0.384,0.4942,0.2119,0.0253,0.1743,0.3114,0.3018,0.3911,0.4962,1.0,251,-0.0965,-0.128,-0.0654,-0.0686,-0.1018,-0.0359,120,0.0429,-0.0354,0.1179,-0.0904,-0.1331,-0.0493,utility+lr:pool:r2,407.0,90.0,407.0,398.6,747.4,802.6,180.4,136.6,0.0545,0.002,85.4,37.4,,,,
distractor_para,router:primary_hits,primary_hits,bm25,5,0.4311,0.0057,0.5199,1.8756,0.178,0.0057,0.1632,0.1927,0.0,184.8,28.0,dense,-0.0365,0.0057,0.0,7.0,39.2,235.0,0.0,0.2102,,,1.0,,0.0,192.2,60.6,0.3399,0.1751,0.384,0.384,0.3522,0.384,0.6266,0.2471,0.0253,0.1743,0.3114,0.3018,0.3911,0.6867,0.5811,251,-0.0408,-0.0644,-0.0216,-0.0129,-0.0295,0.0017,120,0.0806,0.0021,0.1597,-0.0528,-0.0889,-0.0215,,,,,,,,,,,,,,,,,
distractor_para,knn20:primary_hits,primary_hits,bm25,5,0.4461,0.0038,0.5199,1.8958,0.193,0.0038,0.1845,0.2014,0.0,200.0,30.0,dense,-0.0216,0.0038,0.0201,4.2,23.2,235.0,0.0,0.1453,,,1.0,,0.0,192.2,60.6,0.3416,0.1751,0.384,0.384,0.3522,0.384,0.7648,0.285,0.0253,0.1743,0.3114,0.3018,0.3911,0.812,0.2891,251,-0.0378,-0.0608,-0.0189,-0.01,-0.0209,-0.0003,120,0.116,0.0382,0.1944,-0.0174,-0.0458,0.0083,,,,,,,,,,,,,,,,,
distractor_para,utility:primary_hits,primary_hits,bm25,5,0.2613,0.0031,0.5199,1.0245,0.0082,0.0031,0.0009,0.0154,0.125,7.2,0.0,dense,-0.2064,0.0031,0.0,33.0,214.8,235.0,21.6,0.9692,0.6692,0.0,0.965,0.3308,0.0308,192.2,60.6,0.1827,0.1751,0.384,0.384,0.3522,0.384,0.9692,0.0253,0.0253,0.1743,0.3114,0.3018,0.3911,0.9538,0.0312,251,-0.2012,-0.256,-0.1524,-0.1733,-0.2321,-0.1195,120,-0.15,-0.2167,-0.0917,-0.2833,-0.375,-0.1917,boundary:primary_hits,278.6,278.6,278.6,0.0,0.0,0.0,0.0,0.0,-0.0091,0.2891,3.2,11.2,,,,
distractor_para,boundary:primary_hits,primary_hits,bm25,5,0.2704,0.0045,0.5199,1.0795,0.0173,0.0045,0.005,0.0295,0.0044,17.6,2.4,dense,-0.1973,0.0045,0.0,30.6,204.4,235.0,70.0,0.9248,0.7471,0.0307,0.9171,0.2529,0.0752,192.2,60.6,0.1859,0.1751,0.384,0.384,0.3522,0.384,0.874,0.0453,0.0253,0.1743,0.3114,0.3018,0.3911,0.8747,0.2891,251,-0.2029,-0.2556,-0.155,-0.175,-0.2304,-0.1235,120,-0.1333,-0.2056,-0.0681,-0.2667,-0.3514,-0.1806,utility:primary_hits,272.8,256.2,272.8,48.2,324.4,31.6,4.2,12.4,0.0091,0.2891,11.2,3.2,,,,
distractor_para,utility:primary_hits:r2,primary_hits,bm25,5,0.3975,0.0051,0.5199,1.676,0.1444,0.0051,0.1132,0.1755,0.0,150.0,22.8,dense,-0.0701,0.0051,0.0,12.0,73.8,235.0,595.6,0.359,0.7483,0.0382,0.2846,0.2517,0.641,192.2,60.6,0.3311,0.1751,0.384,0.384,0.3522,0.384,0.5941,0.2157,0.0253,0.1743,0.3114,0.3018,0.3911,0.637,1.0,251,-0.0531,-0.0777,-0.0312,-0.0252,-0.0485,-0.004,120,0.039,-0.0454,0.1246,-0.0943,-0.1521,-0.0422,boundary:primary_hits:r2,88.6,88.6,88.6,0.0,0.0,0.0,0.0,0.0,0.0195,0.1934,43.6,26.4,,,,
distractor_para,boundary:primary_hits:r2,primary_hits,bm25,5,0.378,0.0045,0.5199,1.5941,0.1249,0.0045,0.0986,0.151,0.0,129.6,19.6,dense,-0.0897,0.0045,0.0,15.6,94.6,235.0,523.4,0.4462,0.7523,0.0374,0.3624,0.2477,0.5538,192.2,60.6,0.3076,0.1751,0.384,0.384,0.3522,0.384,0.5405,0.198,0.0253,0.1743,0.3114,0.3018,0.3911,0.5605,1.0,251,-0.0719,-0.0981,-0.0491,-0.044,-0.0714,-0.0183,120,0.0247,-0.0569,0.1056,-0.1086,-0.1615,-0.0603,utility:primary_hits:r2,382.0,117.6,382.0,692.2,1124.8,642.0,147.8,116.6,-0.0195,0.1934,26.4,43.6,,,,
distractor_para,utility+lr:primary_hits:r2,primary_hits,bm25,5,0.3457,0.0062,0.5199,1.5244,0.0926,0.0062,0.0818,0.1034,0.0,95.8,14.2,dense,-0.1219,0.0062,0.0,23.0,130.4,235.0,462.0,0.5906,0.7925,0.0306,0.4487,0.2075,0.4094,192.2,60.6,0.2505,0.1751,0.384,0.384,0.3522,0.384,0.4235,0.1309,0.0253,0.1743,0.3114,0.3018,0.3911,0.3776,0.7905,251,-0.1245,-0.163,-0.0893,-0.0966,-0.1375,-0.0564,120,-0.0399,-0.12,0.0342,-0.1732,-0.251,-0.0985,boundary+lr:primary_hits:r2,88.6,88.6,88.6,0.0,0.0,0.0,0.0,0.0,-0.017,0.7343,41.0,56.0,,,,
distractor_para,boundary+lr:primary_hits:r2,primary_hits,bm25,5,0.3628,0.0065,0.5199,1.5342,0.1096,0.0065,0.0827,0.1365,0.0,113.6,17.0,dense,-0.1049,0.0065,0.0,18.4,110.8,235.0,470.6,0.5145,0.7585,0.0362,0.4274,0.2415,0.4855,192.2,60.6,0.2709,0.1751,0.384,0.384,0.3522,0.384,0.4891,0.1871,0.0253,0.1743,0.3114,0.3018,0.3911,0.4424,1.0,251,-0.1103,-0.1454,-0.0788,-0.0824,-0.1228,-0.0462,120,0.0036,-0.0783,0.0861,-0.1297,-0.1881,-0.074,utility+lr:primary_hits:r2,261.2,89.2,261.2,482.6,850.2,405.8,87.0,85.0,0.017,0.7343,56.0,41.0,,,,
distractor_para,shuffled:router:query,query,bm25,5,0.4449,0.0049,0.5199,1.0,0.1918,0.0049,0.1768,0.2068,0.0,199.0,30.0,dense,-0.0227,0.0049,0.0072,4.0,24.0,235.0,0.0,0.1496,,,1.0,,0.0,192.2,60.6,0.3504,0.1751,0.384,0.384,0.3522,0.384,0.7575,0.2834,0.0253,0.1743,0.3114,0.3018,0.3911,0.7863,0.5078,251,-0.0295,-0.0511,-0.0116,-0.0017,-0.007,0.0027,120,0.1076,0.0264,0.1875,-0.0257,-0.0521,-0.0049,,,,,,,,,,,,,,-0.0011,1.0,11.0,12.0
distractor_para,shuffled:knn20:query,query,bm25,5,0.4486,0.0064,0.5199,1.0,0.1955,0.0064,0.1855,0.2054,0.0,202.2,30.0,dense,-0.0191,0.0064,0.0636,3.4,20.2,235.0,0.0,0.1359,,,1.0,,0.0,192.2,60.6,0.3473,0.1751,0.384,0.384,0.3522,0.384,0.8156,0.2894,0.0253,0.1743,0.3114,0.3018,0.3911,0.8793,0.2188,251,-0.0339,-0.0574,-0.0146,-0.006,-0.0163,0.0017,120,0.1229,0.05,0.1958,-0.0104,-0.025,0.0,,,,,,,,,,,,,,-0.0023,0.6636,8.6,10.6
distractor_para,shuffled:utility:query:r2,query,bm25,5,0.4572,0.0065,0.5199,1.0,0.2041,0.0065,0.195,0.2132,0.0,210.2,30.4,dense,-0.0104,0.0065,0.2891,2.8,12.0,235.0,835.8,0.1017,0.7485,0.0364,0.041,0.2515,0.8983,192.2,60.6,0.3491,0.1751,0.384,0.384,0.3522,0.384,0.8985,0.3018,0.0253,0.1743,0.3114,0.3018,0.3911,0.9159,0.125,251,-0.0305,-0.0531,-0.012,-0.0027,-0.0066,0.0,120,0.1333,0.0583,0.2083,0.0,0.0,0.0,shuffled:boundary:query:r2,11.2,11.2,11.2,0.0,0.0,0.0,0.0,0.0,0.0865,0.0,91.2,15.0,0.0032,1.0,7.0,4.2
distractor_para,shuffled:boundary:query:r2,query,bm25,5,0.3707,0.0059,0.5199,1.0,0.1176,0.0059,0.1118,0.1234,0.0,122.2,18.6,dense,-0.0969,0.0059,0.0,16.2,101.6,235.0,504.6,0.4778,0.758,0.0368,0.4077,0.242,0.5222,192.2,60.6,0.2769,0.1751,0.384,0.384,0.3522,0.384,0.4901,0.1979,0.0253,0.1743,0.3114,0.3018,0.3911,0.4412,1.0,251,-0.1078,-0.1414,-0.078,-0.0799,-0.1104,-0.0511,120,0.0203,-0.0575,0.0958,-0.1131,-0.1633,-0.0658,shuffled:utility:query:r2,463.0,55.6,463.0,137.8,370.0,943.6,218.2,189.2,-0.0865,0.0,15.0,91.2,-0.0082,0.5008,49.2,56.4
distractor_para,shuffled:router:pool,pool,bm25,5,0.4356,0.0084,0.5199,1.0,0.1825,0.0084,0.1682,0.1968,0.0,188.6,27.8,dense,-0.032,0.0084,0.0022,7.0,35.2,235.0,0.0,0.194,,,1.0,,0.0,192.2,60.6,0.3357,0.1751,0.384,0.384,0.3522,0.384,0.6426,0.2895,0.0253,0.1743,0.3114,0.3018,0.3911,0.7,0.5488,251,-0.0468,-0.0694,-0.0272,-0.0189,-0.0332,-0.0063,120,0.1118,0.0347,0.1889,-0.0215,-0.0514,0.0062,,,,,,,,,,,,,,-0.0016,1.0,19.8,21.2
distractor_para,shuffled:knn20:pool,pool,bm25,5,0.4445,0.0061,0.5199,1.0,0.1914,0.0061,0.1845,0.1982,0.0,198.6,30.0,dense,-0.0232,0.0061,0.0075,3.6,24.0,235.0,0.0,0.1513,,,1.0,,0.0,192.2,60.6,0.3432,0.1751,0.384,0.384,0.3522,0.384,0.7402,0.2762,0.0253,0.1743,0.3114,0.3018,0.3911,0.7944,0.2891,251,-0.0332,-0.0551,-0.0146,-0.0053,-0.0146,0.0056,120,0.1206,0.0479,0.1935,-0.0128,-0.0399,0.015,,,,,,,,,,,,,,-0.0018,1.0,11.8,13.4
distractor_para,shuffled:utility:pool:r2,pool,bm25,5,0.4325,0.0133,0.5199,1.0,0.1793,0.0133,0.1605,0.1982,0.0,184.6,26.6,dense,-0.0352,0.0133,0.0192,7.6,38.6,235.0,726.0,0.2111,0.7459,0.0367,0.1487,0.2541,0.7889,192.2,60.6,0.3399,0.1751,0.384,0.384,0.3522,0.384,0.698,0.2791,0.0253,0.1743,0.3114,0.3018,0.3911,0.7413,0.5078,251,-0.0432,-0.0684,-0.0226,-0.0153,-0.0292,-0.0037,120,0.1046,0.0271,0.1869,-0.0288,-0.06,-0.0037,shuffled:boundary:pool:r2,51.8,51.8,51.8,0.0,0.0,0.0,0.0,0.0,0.0409,0.0095,59.4,23.4,0.007,1.0,23.4,17.2
distractor_para,shuffled:boundary:pool:r2,pool,bm25,5,0.3916,0.009,0.5199,1.0,0.1385,0.009,0.1277,0.1492,0.0,141.0,19.0,dense,-0.076,0.009,0.0,15.4,82.4,235.0,565.6,0.3975,0.7506,0.0337,0.3128,0.2494,0.6025,192.2,60.6,0.304,0.1751,0.384,0.384,0.3522,0.384,0.4877,0.2399,0.0253,0.1743,0.3114,0.3018,0.3911,0.5423,1.0,251,-0.0762,-0.1042,-0.0502,-0.0483,-0.079,-0.0212,120,0.0706,-0.0072,0.15,-0.0628,-0.1132,-0.0139,shuffled:utility:pool:r2,462.6,96.4,462.6,463.2,749.6,863.0,200.2,166.0,-0.0409,0.0095,23.4,59.4,-0.0039,0.9267,47.8,51.2
distractor_para,shuffled:router:primary_hits,primary_hits,bm25,5,0.4252,0.0072,0.5199,1.8804,0.1721,0.0072,0.1605,0.1837,0.0,178.4,26.8,dense,-0.0425,0.0072,0.0001,8.4,45.8,235.0,0.0,0.2376,,,1.0,,0.0,192.2,60.6,0.3297,0.1751,0.384,0.384,0.3522,0.384,0.5855,0.2693,0.0253,0.1743,0.3114,0.3018,0.3911,0.6477,1.0,251,-0.0521,-0.0787,-0.0309,-0.0242,-0.0422,-0.0076,120,0.0938,0.0243,0.1681,-0.0396,-0.0819,0.0028,,,,,,,,,,,,,,-0.0059,0.7982,26.2,31.4
distractor_para,shuffled:knn20:primary_hits,primary_hits,bm25,5,0.4431,0.0059,0.5199,1.916,0.19,0.0059,0.1823,0.1977,0.0,197.2,29.8,dense,-0.0245,0.0059,0.0072,3.4,25.0,235.0,0.0,0.1573,,,1.0,,0.0,192.2,60.6,0.3415,0.1751,0.384,0.384,0.3522,0.384,0.7611,0.2688,0.0253,0.1743,0.3114,0.3018,0.3911,0.7974,1.0,251,-0.0375,-0.0608,-0.0196,-0.0096,-0.0199,-0.001,120,0.106,0.0306,0.1817,-0.0274,-0.0576,0.0032,,,,,,,,,,,,,,-0.003,1.0,10.6,13.2
distractor_para,shuffled:utility:primary_hits:r2,primary_hits,bm25,5,0.3943,0.0075,0.5199,1.6781,0.1412,0.0075,0.1064,0.176,0.0,145.6,21.2,dense,-0.0733,0.0075,0.0,13.4,78.0,235.0,597.4,0.3778,0.7563,0.0356,0.3171,0.2437,0.6222,192.2,60.6,0.3232,0.1751,0.384,0.384,0.3522,0.384,0.6497,0.2189,0.0253,0.1743,0.3114,0.3018,0.3911,0.6326,1.0,251,-0.0618,-0.0886,-0.0388,-0.0339,-0.0578,-0.012,120,0.0572,-0.0201,0.1324,-0.0761,-0.1303,-0.0247,shuffled:boundary:primary_hits:r2,91.4,91.4,91.4,0.0,0.0,0.0,0.0,0.0,0.0238,0.5446,49.4,28.4,-0.0032,0.9007,29.2,32.0
distractor_para,shuffled:boundary:primary_hits:r2,primary_hits,bm25,5,0.3705,0.0119,0.5199,1.5955,0.1174,0.0119,0.1005,0.1342,0.0,121.6,18.2,dense,-0.0972,0.0119,0.0,16.6,102.2,235.0,524.6,0.4803,0.7686,0.0347,0.3991,0.2314,0.5197,192.2,60.6,0.2875,0.1751,0.384,0.384,0.3522,0.384,0.5468,0.1876,0.0253,0.1743,0.3114,0.3018,0.3911,0.553,1.0,251,-0.095,-0.1292,-0.0667,-0.0671,-0.1009,-0.0372,120,0.0246,-0.0489,0.1013,-0.1087,-0.1651,-0.0551,shuffled:utility:primary_hits:r2,338.4,109.2,338.4,691.8,920.2,517.8,115.2,114.0,-0.0238,0.5446,28.4,49.4,-0.0075,1.0,41.0,47.6
distractor_para,rule:primary_hits,primary_hits,bm25,5,0.2815,0.0,0.5199,1.2928,0.0284,0.0,0.0259,0.0308,0.0,26.0,1.0,dense,-0.1862,0.0,0.0,34.0,198.0,235.0,258.0,0.8898,0.8992,0.0039,0.7103,0.1008,0.1102,192.2,60.6,0.1859,0.1751,0.384,0.384,0.3522,0.384,0.7922,0.0521,0.0253,0.1743,0.3114,0.3018,0.3911,0.8019,0.146,251,-0.1952,-0.247,-0.1474,-0.1673,-0.2271,-0.1155,120,-0.1167,-0.2,-0.0417,-0.25,-0.3417,-0.1667,,,,,,,,,,,,,,,,,
distractor_para,rule:primary_hits+veto,primary_hits,bm25,5,0.2763,0.0009,0.5199,1.2624,0.0232,0.0009,0.0164,0.0299,0.0,21.2,0.8,dense,-0.1914,0.0009,0.0,34.0,202.6,235.0,231.2,0.9094,0.9083,0.0034,0.7521,0.0917,0.0906,192.2,60.6,0.1859,0.1751,0.384,0.384,0.3522,0.384,0.7929,0.0521,0.0253,0.1743,0.3114,0.3018,0.3911,0.8278,0.146,251,-0.1952,-0.247,-0.1474,-0.1673,-0.2271,-0.1155,120,-0.1167,-0.2,-0.0417,-0.25,-0.3417,-0.1667,,,,,,,,,,,,,,,,,
