kind,policy,stage,default,n_orders,rate,rate_sd,oracle,cost,gain,gain_sd,gain_half1,gain_half2,mcnemar_p_max,only_policy,only_default,n_recoverable,n_fired,repeated_failure,false_application,harm,false_rejection,boundary_precision,boundary_recall,n_pairs,n_changed,hit_unchanged,default_unchanged,repeat_unchanged,oracle_unchanged,same_decision_unchanged,hit_changed,default_changed,repeat_changed,oracle_changed,same_decision_changed,p_vs_repeat_changed,n_lessons,n_active,op_create,op_narrow,op_expand,op_exception,op_split,op_retire
alias,fixed:bm25,query,bm25,5,0.5156,0.0,0.7318,1.0,0.0,0.0,0.0,0.0,1.0,0.0,0.0,125.0,0.0,1.0,,,1.0,,0.0,39.0,9.8,0.5677,0.5677,0.7667,0.7667,1.0,0.4148,0.4148,0.5457,0.8505,1.0,1.0,,,,,,,,
alias,fixed:dense,query,bm25,5,0.6194,0.0,0.7318,1.0,0.1038,0.0,0.1038,0.1038,0.0,116.0,56.0,125.0,0.0,0.0694,,,1.0,,0.0,39.0,9.8,0.7411,0.5677,0.7667,0.7667,1.0,0.6341,0.4148,0.5457,0.8505,1.0,1.0,,,,,,,,
alias,fixed:hybrid,query,bm25,5,0.6419,0.0,0.7318,1.0,0.1263,0.0,0.1266,0.126,0.0,94.0,21.0,125.0,0.0,0.2484,,,1.0,,0.0,39.0,9.8,0.7191,0.5677,0.7667,0.7667,1.0,0.8338,0.4148,0.5457,0.8505,1.0,1.0,,,,,,,,
alias,text:exact,query,bm25,5,0.5156,0.0,0.7318,1.0,0.0,0.0,0.0,0.0,1.0,0.0,0.0,125.0,0.0,1.0,,,1.0,,0.0,39.0,9.8,0.5677,0.5677,0.7667,0.7667,1.0,0.4148,0.4148,0.5457,0.8505,1.0,1.0,,,,,,,,
alias,text:0.6,query,bm25,5,0.5363,0.0011,0.7318,1.0,0.0208,0.0011,0.009,0.0325,0.0034,12.4,0.4,125.0,18.0,0.9,0.3076,0.0213,0.8952,0.6924,0.1,39.0,9.8,0.7667,0.5677,0.7667,0.7667,0.801,0.5457,0.4148,0.5457,0.8505,0.6634,1.0,,,,,,,,
alias,probe,query,bm25,5,0.7318,0.0,0.7318,3.0,0.2163,0.0,0.218,0.2145,0.0,125.0,0.0,125.0,0.0,0.0,,,1.0,,0.0,39.0,9.8,0.7667,0.5677,0.7667,0.7667,1.0,0.8505,0.4148,0.5457,0.8505,1.0,1.0,,,,,,,,
alias,router:query,query,bm25,5,0.6163,0.0043,0.7318,1.0,0.1007,0.0043,0.092,0.1093,0.0,86.4,28.2,125.0,0.0,0.3032,,,1.0,,0.0,39.0,9.8,0.7358,0.5677,0.7667,0.7667,0.4301,0.7755,0.4148,0.5457,0.8505,0.3437,1.0,,,,,,,,
alias,knn20:query,query,bm25,5,0.6131,0.0085,0.7318,1.0,0.0976,0.0085,0.0927,0.1024,0.0,84.6,28.2,125.0,0.0,0.3178,,,1.0,,0.0,39.0,9.8,0.7063,0.5677,0.7667,0.7667,0.3728,0.5901,0.4148,0.5457,0.8505,0.4399,1.0,,,,,,,,
alias,utility:query,query,bm25,5,0.6149,0.0064,0.7318,1.0,0.0993,0.0064,0.0872,0.1114,0.0,84.8,27.4,125.0,430.2,0.3161,0.8027,0.0638,0.1984,0.1973,0.6839,39.0,9.8,0.7094,0.5677,0.7667,0.7667,0.35,0.7558,0.4148,0.5457,0.8505,0.3799,1.0,27.4,27.4,27.4,0.0,0.0,0.0,0.0,0.0
alias,boundary:query,query,bm25,5,0.5661,0.0087,0.7318,1.0,0.0505,0.0087,0.0415,0.0595,0.0027,45.2,16.0,125.0,234.8,0.6355,0.8073,0.0683,0.5806,0.1927,0.3645,39.0,9.8,0.6749,0.5677,0.7667,0.7667,0.4019,0.5181,0.4148,0.5457,0.8505,0.5175,1.0,203.6,43.0,203.6,72.6,217.4,335.4,69.8,90.8
alias,utility:query:r2,query,bm25,5,0.6253,0.0124,0.7318,1.0,0.1097,0.0124,0.1017,0.1176,0.0,93.6,30.2,125.0,533.4,0.2452,0.8245,0.0567,0.0613,0.1755,0.7548,39.0,9.8,0.7063,0.5677,0.7667,0.7667,0.6235,0.7546,0.4148,0.5457,0.8505,0.5989,1.0,9.8,9.8,9.8,0.0,0.0,0.0,0.0,0.0
alias,boundary:query:r2,query,bm25,5,0.574,0.013,0.7318,1.0,0.0585,0.013,0.0505,0.0664,0.0021,49.4,15.6,125.0,263.8,0.6016,0.8136,0.0592,0.5097,0.1864,0.3984,39.0,9.8,0.6849,0.5677,0.7667,0.7667,0.4749,0.6376,0.4148,0.5457,0.8505,0.4299,1.0,197.8,24.8,197.8,104.0,155.8,341.0,75.8,97.2
alias,utility+lr:query:r2,query,bm25,5,0.5381,0.0072,0.7318,1.0,0.0225,0.0072,0.0318,0.0131,0.2266,18.0,5.0,125.0,105.0,0.8548,0.8234,0.0503,0.8307,0.1766,0.1452,39.0,9.8,0.5831,0.5677,0.7667,0.7667,0.6887,0.4315,0.4148,0.5457,0.8505,0.7298,1.0,9.8,9.8,9.8,0.0,0.0,0.0,0.0,0.0
alias,boundary+lr:query:r2,query,bm25,5,0.572,0.0128,0.7318,1.0,0.0564,0.0128,0.0505,0.0623,0.0037,46.0,13.4,125.0,251.8,0.629,0.8185,0.0532,0.5355,0.1815,0.371,39.0,9.8,0.6769,0.5677,0.7667,0.7667,0.4806,0.609,0.4148,0.5457,0.8505,0.3896,1.0,173.8,24.0,173.8,95.0,147.0,294.4,63.8,86.0
alias,router:pool,pool,bm25,5,0.6163,0.0062,0.7318,1.0,0.1007,0.0062,0.0941,0.1073,0.0,86.2,28.0,125.0,0.0,0.3048,,,1.0,,0.0,39.0,9.8,0.7354,0.5677,0.7667,0.7667,0.3789,0.7025,0.4148,0.5457,0.8505,0.3276,1.0,,,,,,,,
alias,knn20:pool,pool,bm25,5,0.6208,0.0055,0.7318,1.0,0.1052,0.0055,0.0934,0.117,0.0,91.0,30.2,125.0,0.0,0.2661,,,1.0,,0.0,39.0,9.8,0.7389,0.5677,0.7667,0.7667,0.4512,0.7046,0.4148,0.5457,0.8505,0.4245,1.0,,,,,,,,
alias,utility:pool,pool,bm25,5,0.5329,0.0039,0.7318,1.0,0.0173,0.0039,0.0062,0.0284,0.21,12.2,2.2,125.0,67.8,0.9016,0.8036,0.0261,0.8661,0.1964,0.0984,39.0,9.8,0.6317,0.5677,0.7667,0.7667,0.7731,0.4371,0.4148,0.5457,0.8505,0.8699,1.0,140.2,140.2,140.2,0.0,0.0,0.0,0.0,0.0
alias,boundary:pool,pool,bm25,5,0.5529,0.0084,0.7318,1.0,0.0374,0.0084,0.0152,0.0595,0.0166,34.8,13.2,125.0,168.6,0.7194,0.7937,0.079,0.6677,0.2063,0.2806,39.0,9.8,0.7037,0.5677,0.7667,0.7667,0.5632,0.5379,0.4148,0.5457,0.8505,0.5574,1.0,190.0,89.6,190.0,101.8,445.6,195.6,40.2,60.2
alias,utility:pool:r2,pool,bm25,5,0.6042,0.0047,0.7318,1.0,0.0886,0.0047,0.0782,0.099,0.0,87.8,36.6,125.0,459.6,0.292,0.8088,0.0798,0.1597,0.1912,0.708,39.0,9.8,0.7316,0.5677,0.7667,0.7667,0.4601,0.6563,0.4148,0.5457,0.8505,0.3855,1.0,29.4,29.4,29.4,0.0,0.0,0.0,0.0,0.0
alias,boundary:pool:r2,pool,bm25,5,0.5758,0.0121,0.7318,1.0,0.0602,0.0121,0.0436,0.0768,0.0036,56.0,21.2,125.0,291.6,0.5484,0.8083,0.0727,0.4758,0.1916,0.4516,39.0,9.8,0.7012,0.5677,0.7667,0.7667,0.3794,0.6134,0.4148,0.5457,0.8505,0.4938,1.0,190.2,30.6,190.2,247.8,313.8,291.4,64.0,95.6
alias,utility+lr:pool:r2,pool,bm25,5,0.5595,0.0059,0.7318,1.0,0.0439,0.0059,0.0512,0.0367,0.0029,37.8,12.4,125.0,200.4,0.6952,0.8113,0.0616,0.6193,0.1887,0.3048,39.0,9.8,0.6313,0.5677,0.7667,0.7667,0.5796,0.5762,0.4148,0.5457,0.8505,0.481,1.0,29.4,29.4,29.4,0.0,0.0,0.0,0.0,0.0
alias,boundary+lr:pool:r2,pool,bm25,5,0.573,0.0135,0.7318,1.0,0.0574,0.0135,0.045,0.0699,0.0115,51.2,18.0,125.0,262.8,0.5871,0.8051,0.0679,0.5065,0.1949,0.4129,39.0,9.8,0.6797,0.5677,0.7667,0.7667,0.432,0.6014,0.4148,0.5457,0.8505,0.3784,1.0,154.6,24.8,154.6,204.6,277.2,224.8,47.0,82.8
alias,router:primary_hits,primary_hits,bm25,5,0.6152,0.0082,0.7318,1.7709,0.0997,0.0082,0.0927,0.1066,0.0,85.6,28.0,125.0,0.0,0.3097,,,1.0,,0.0,39.0,9.8,0.7191,0.5677,0.7667,0.7667,0.4295,0.5792,0.4148,0.5457,0.8505,0.4142,1.0,,,,,,,,
alias,knn20:primary_hits,primary_hits,bm25,5,0.6128,0.002,0.7318,1.8052,0.0972,0.002,0.0893,0.1052,0.0,87.6,31.4,125.0,0.0,0.2935,,,1.0,,0.0,39.0,9.8,0.7613,0.5677,0.7667,0.7667,0.4875,0.7212,0.4148,0.5457,0.8505,0.4259,1.0,,,,,,,,
alias,utility:primary_hits,primary_hits,bm25,5,0.5194,0.0023,0.7318,1.019,0.0038,0.0023,0.0,0.0076,1.0,2.6,0.4,125.0,11.0,0.979,0.7527,0.0235,0.9726,0.2473,0.021,39.0,9.8,0.584,0.5677,0.7667,0.7667,0.9525,0.4148,0.4148,0.5457,0.8505,0.9464,1.0,180.2,180.2,180.2,0.0,0.0,0.0,0.0,0.0
alias,boundary:primary_hits,primary_hits,bm25,5,0.537,0.0075,0.7318,1.1602,0.0215,0.0075,0.0048,0.0381,0.1338,19.4,7.0,125.0,92.6,0.8435,0.7861,0.0756,0.8097,0.2139,0.1565,39.0,9.8,0.6179,0.5677,0.7667,0.7667,0.7261,0.5972,0.4148,0.5457,0.8505,0.6144,1.0,177.0,131.8,177.0,72.6,491.0,80.4,15.0,30.2
alias,utility:primary_hits:r2,primary_hits,bm25,5,0.5952,0.0083,0.7318,1.6512,0.0796,0.0083,0.0657,0.0934,0.0001,75.6,29.6,125.0,376.4,0.3903,0.7991,0.0791,0.2871,0.2009,0.6097,39.0,9.8,0.7211,0.5677,0.7667,0.7667,0.4572,0.6187,0.4148,0.5457,0.8505,0.5533,1.0,52.6,52.6,52.6,0.0,0.0,0.0,0.0,0.0
alias,boundary:primary_hits:r2,primary_hits,bm25,5,0.5803,0.0064,0.7318,1.483,0.0647,0.0064,0.0547,0.0747,0.0005,56.2,18.8,125.0,279.2,0.5468,0.7991,0.0664,0.4677,0.2009,0.4532,39.0,9.8,0.7238,0.5677,0.7667,0.7667,0.4249,0.5923,0.4148,0.5457,0.8505,0.4621,1.0,168.4,37.0,168.4,330.2,427.6,214.6,47.8,83.6
alias,utility+lr:primary_hits:r2,primary_hits,bm25,5,0.5668,0.0062,0.7318,1.3706,0.0512,0.0062,0.054,0.0484,0.0022,42.4,12.8,125.0,214.2,0.6581,0.8017,0.0604,0.5742,0.1983,0.3419,39.0,9.8,0.6643,0.5677,0.7667,0.7667,0.4727,0.5505,0.4148,0.5457,0.8505,0.5212,1.0,52.6,52.6,52.6,0.0,0.0,0.0,0.0,0.0
alias,boundary+lr:primary_hits:r2,primary_hits,bm25,5,0.5716,0.0118,0.7318,1.4246,0.0561,0.0118,0.0478,0.0644,0.0135,48.4,16.0,125.0,245.4,0.6097,0.8033,0.0651,0.5403,0.1967,0.3903,39.0,9.8,0.7158,0.5677,0.7667,0.7667,0.4256,0.5896,0.4148,0.5457,0.8505,0.5548,1.0,133.2,33.6,133.2,240.2,381.0,159.4,32.6,67.0
alias,rule:primary_hits,primary_hits,bm25,5,0.5484,0.0,0.7318,1.417,0.0329,0.0,0.0325,0.0332,0.0094,34.0,15.0,125.0,241.0,0.729,0.8589,0.0622,0.6564,0.1411,0.271,39.0,9.8,0.6121,0.5677,0.7667,0.7667,0.5482,0.4579,0.4148,0.5457,0.8505,0.4525,1.0,,,,,,,,
alias,rule:primary_hits+veto,primary_hits,bm25,5,0.5429,0.0013,0.7318,1.3602,0.0273,0.0013,0.0221,0.0325,0.0357,28.8,13.0,125.0,208.2,0.7678,0.8618,0.062,0.6952,0.1382,0.2322,39.0,9.8,0.6195,0.5677,0.7667,0.7667,0.5349,0.4293,0.4148,0.5457,0.8505,0.4422,1.0,,,,,,,,
distractor_para,fixed:bm25,query,bm25,5,0.4705,0.0,0.6832,1.0,0.0,0.0,0.0,0.0,1.0,0.0,0.0,184.0,0.0,1.0,,,1.0,,0.0,179.8,26.8,0.4651,0.4651,0.6297,0.6297,1.0,0.2545,0.2545,0.3959,0.6268,1.0,0.5,,,,,,,,
distractor_para,fixed:dense,query,bm25,5,0.5607,0.0,0.6832,1.0,0.0902,0.0,0.0912,0.0891,0.0,168.0,90.0,184.0,0.0,0.0863,,,1.0,,0.0,179.8,26.8,0.5162,0.4651,0.6297,0.6297,1.0,0.3133,0.2545,0.3959,0.6268,1.0,1.0,,,,,,,,
distractor_para,fixed:hybrid,query,bm25,5,0.5769,0.0,0.6832,1.0,0.1064,0.0,0.112,0.1007,0.0,128.0,36.0,184.0,0.0,0.3027,,,1.0,,0.0,179.8,26.8,0.537,0.4651,0.6297,0.6297,1.0,0.3204,0.2545,0.3959,0.6268,1.0,1.0,,,,,,,,
distractor_para,text:exact,query,bm25,5,0.5475,0.0006,0.6832,1.0,0.077,0.0006,0.0398,0.1141,0.0,66.6,0.0,184.0,79.4,0.6361,0.1597,0.0,0.6284,0.8403,0.3639,179.8,26.8,0.6297,0.4651,0.6297,0.6297,0.8354,0.3959,0.2545,0.3959,0.6268,0.5749,1.0,,,,,,,,
distractor_para,text:0.6,query,bm25,5,0.5475,0.0006,0.6832,1.0,0.077,0.0006,0.0398,0.1141,0.0,66.6,0.0,184.0,79.4,0.6361,0.1597,0.0,0.6284,0.8403,0.3639,179.8,26.8,0.6297,0.4651,0.6297,0.6297,0.8354,0.3959,0.2545,0.3959,0.6268,0.5749,1.0,,,,,,,,
distractor_para,probe,query,bm25,5,0.6832,0.0,0.6832,3.0,0.2127,0.0,0.2148,0.2106,0.0,184.0,0.0,184.0,0.0,0.0,,,1.0,,0.0,179.8,26.8,0.6297,0.4651,0.6297,0.6297,1.0,0.6268,0.2545,0.3959,0.6268,1.0,0.125,,,,,,,,
distractor_para,router:query,query,bm25,5,0.5593,0.0101,0.6832,1.0,0.0888,0.0101,0.081,0.0965,0.0,125.8,49.0,184.0,0.0,0.3126,,,1.0,,0.0,179.8,26.8,0.5318,0.4651,0.6297,0.6297,0.5349,0.335,0.2545,0.3959,0.6268,0.4698,1.0,,,,,,,,
distractor_para,knn20:query,query,bm25,5,0.5649,0.0048,0.6832,1.0,0.0943,0.0048,0.0861,0.1025,0.0,125.2,43.6,184.0,0.0,0.3159,,,1.0,,0.0,179.8,26.8,0.5516,0.4651,0.6297,0.6297,0.6173,0.3578,0.2545,0.3959,0.6268,0.64,1.0,,,,,,,,
distractor_para,utility:query,query,bm25,5,0.5623,0.008,0.6832,1.0,0.0918,0.008,0.0833,0.1002,0.0,128.8,49.4,184.0,705.8,0.2962,0.8174,0.0698,0.1399,0.1826,0.7038,179.8,26.8,0.5411,0.4651,0.6297,0.6297,0.7172,0.3866,0.2545,0.3959,0.6268,0.6628,1.0,24.4,24.4,24.4,0.0,0.0,0.0,0.0,0.0
distractor_para,boundary:query,query,bm25,5,0.5094,0.0074,0.6832,1.0,0.0388,0.0074,0.0361,0.0416,0.0066,58.0,24.4,184.0,327.6,0.6831,0.8226,0.0753,0.6208,0.1774,0.3169,179.8,26.8,0.4983,0.4651,0.6297,0.6297,0.4804,0.2845,0.2545,0.3959,0.6268,0.4769,1.0,265.0,27.0,265.0,88.6,282.6,405.6,89.0,149.0
distractor_para,utility:query:r2,query,bm25,5,0.5628,0.0035,0.6832,1.0,0.0923,0.0035,0.0912,0.0933,0.0,128.4,48.6,184.0,818.8,0.2984,0.8432,0.0593,0.0404,0.1568,0.7016,179.8,26.8,0.533,0.4651,0.6297,0.6297,0.7159,0.313,0.2545,0.3959,0.6268,0.6798,1.0,8.4,8.4,8.4,0.0,0.0,0.0,0.0,0.0
distractor_para,boundary:query:r2,query,bm25,5,0.5163,0.0112,0.6832,1.0,0.0458,0.0112,0.0403,0.0513,0.0315,67.4,27.8,184.0,362.8,0.6317,0.8128,0.0761,0.5486,0.1872,0.3683,179.8,26.8,0.5018,0.4651,0.6297,0.6297,0.4455,0.2828,0.2545,0.3959,0.6268,0.4492,1.0,263.2,22.2,263.2,136.6,177.6,417.4,92.4,148.6
distractor_para,utility+lr:query:r2,query,bm25,5,0.4835,0.0048,0.6832,1.0,0.0129,0.0048,0.0185,0.0074,0.2379,17.2,6.0,184.0,109.2,0.906,0.8431,0.0542,0.882,0.1569,0.094,179.8,26.8,0.469,0.4651,0.6297,0.6297,0.8454,0.2545,0.2545,0.3959,0.6268,0.8355,0.5,8.4,8.4,8.4,0.0,0.0,0.0,0.0,0.0
distractor_para,boundary+lr:query:r2,query,bm25,5,0.5043,0.0074,0.6832,1.0,0.0338,0.0074,0.031,0.0365,0.0315,52.2,23.0,184.0,302.0,0.7148,0.8246,0.0744,0.6295,0.1754,0.2852,179.8,26.8,0.4993,0.4651,0.6297,0.6297,0.5057,0.2685,0.2545,0.3959,0.6268,0.4857,0.6875,206.8,20.6,206.8,113.0,146.4,319.6,68.0,118.2
distractor_para,router:pool,pool,bm25,5,0.5577,0.0079,0.6832,1.0,0.0872,0.0079,0.0824,0.0919,0.0,123.0,47.6,184.0,0.0,0.3279,,,1.0,,0.0,179.8,26.8,0.5279,0.4651,0.6297,0.6297,0.4627,0.3364,0.2545,0.3959,0.6268,0.4709,1.0,,,,,,,,
distractor_para,knn20:pool,pool,bm25,5,0.5542,0.0075,0.6832,1.0,0.0837,0.0075,0.0796,0.0878,0.0,125.8,53.4,184.0,0.0,0.3126,,,1.0,,0.0,179.8,26.8,0.5265,0.4651,0.6297,0.6297,0.4418,0.3292,0.2545,0.3959,0.6268,0.4706,1.0,,,,,,,,
distractor_para,utility:pool,pool,bm25,5,0.4865,0.0046,0.6832,1.0,0.016,0.0046,0.0074,0.0245,0.21,23.6,9.8,184.0,126.8,0.871,0.8159,0.0769,0.8426,0.1841,0.129,179.8,26.8,0.4779,0.4651,0.6297,0.6297,0.7381,0.2619,0.2545,0.3959,0.6268,0.827,1.0,196.8,196.8,196.8,0.0,0.0,0.0,0.0,0.0
distractor_para,boundary:pool,pool,bm25,5,0.4999,0.0064,0.6832,1.0,0.0294,0.0064,0.0171,0.0416,0.0328,43.6,18.2,184.0,235.2,0.7617,0.8138,0.0777,0.694,0.1862,0.2383,179.8,26.8,0.4874,0.4651,0.6297,0.6297,0.6223,0.3064,0.2545,0.3959,0.6268,0.612,1.0,274.0,116.0,274.0,125.0,597.0,262.4,55.2,102.8
distractor_para,utility:pool:r2,pool,bm25,5,0.5517,0.0107,0.6832,1.0,0.0812,0.0107,0.0824,0.0799,0.0,132.4,62.2,184.0,718.4,0.2765,0.8157,0.0866,0.1235,0.1843,0.7235,179.8,26.8,0.5214,0.4651,0.6297,0.6297,0.5412,0.2765,0.2545,0.3959,0.6268,0.455,1.0,37.2,37.2,37.2,0.0,0.0,0.0,0.0,0.0
distractor_para,boundary:pool:r2,pool,bm25,5,0.5251,0.0069,0.6832,1.0,0.0546,0.0069,0.0546,0.0545,0.0001,77.0,29.8,184.0,410.2,0.5792,0.8123,0.0725,0.4874,0.1877,0.4208,179.8,26.8,0.5109,0.4651,0.6297,0.6297,0.4484,0.2765,0.2545,0.3959,0.6268,0.4533,0.7266,265.6,37.4,265.6,342.6,434.2,367.8,83.8,144.4
distractor_para,utility+lr:pool:r2,pool,bm25,5,0.5068,0.0085,0.6832,1.0,0.0363,0.0085,0.0449,0.0277,0.0115,48.0,16.6,184.0,261.0,0.7377,0.8173,0.0639,0.6612,0.1827,0.2623,179.8,26.8,0.4849,0.4651,0.6297,0.6297,0.5442,0.2625,0.2545,0.3959,0.6268,0.5437,1.0,37.2,37.2,37.2,0.0,0.0,0.0,0.0,0.0
distractor_para,boundary+lr:pool:r2,pool,bm25,5,0.5154,0.0125,0.6832,1.0,0.0449,0.0125,0.0426,0.0471,0.0019,57.0,18.2,184.0,314.0,0.6885,0.8195,0.0585,0.6054,0.1805,0.3115,179.8,26.8,0.5001,0.4651,0.6297,0.6297,0.5272,0.277,0.2545,0.3959,0.6268,0.5596,0.625,167.4,29.6,167.4,228.2,327.6,226.2,47.8,90.0
distractor_para,router:primary_hits,primary_hits,bm25,5,0.5616,0.0061,0.6832,1.7787,0.0911,0.0061,0.0852,0.097,0.0,125.4,46.6,184.0,0.0,0.3147,,,1.0,,0.0,179.8,26.8,0.532,0.4651,0.6297,0.6297,0.4384,0.3649,0.2545,0.3959,0.6268,0.4698,1.0,,,,,,,,
distractor_para,knn20:primary_hits,primary_hits,bm25,5,0.5639,0.0057,0.6832,1.8067,0.0934,0.0057,0.0907,0.0961,0.0,132.8,52.0,184.0,0.0,0.2743,,,1.0,,0.0,179.8,26.8,0.5448,0.4651,0.6297,0.6297,0.491,0.3215,0.2545,0.3959,0.6268,0.5593,1.0,,,,,,,,
distractor_para,utility:primary_hits,primary_hits,bm25,5,0.4724,0.0028,0.6832,1.0166,0.0018,0.0028,0.0,0.0037,1.0,2.6,1.0,184.0,14.4,0.9858,0.8378,0.0673,0.9836,0.1622,0.0142,179.8,26.8,0.4705,0.4651,0.6297,0.6297,0.9452,0.2622,0.2545,0.3959,0.6268,0.9778,0.5,262.8,262.8,262.8,0.0,0.0,0.0,0.0,0.0
distractor_para,boundary:primary_hits,primary_hits,bm25,5,0.4839,0.0028,0.6832,1.1318,0.0134,0.0028,0.0028,0.024,0.1839,23.2,11.6,184.0,114.0,0.8732,0.7953,0.102,0.847,0.2047,0.1268,179.8,26.8,0.4796,0.4651,0.6297,0.6297,0.77,0.2693,0.2545,0.3959,0.6268,0.8133,1.0,251.6,188.6,251.6,95.4,683.0,86.0,16.0,47.0
distractor_para,utility:primary_hits:r2,primary_hits,bm25,5,0.5353,0.0077,0.6832,1.6731,0.0647,0.0077,0.0556,0.0739,0.0002,109.0,53.0,184.0,582.2,0.4044,0.8122,0.091,0.2678,0.1878,0.5956,179.8,26.8,0.5238,0.4651,0.6297,0.6297,0.5254,0.3045,0.2545,0.3959,0.6268,0.4778,0.7539,68.2,68.2,68.2,0.0,0.0,0.0,0.0,0.0
distractor_para,boundary:primary_hits:r2,primary_hits,bm25,5,0.5327,0.0084,0.6832,1.4731,0.0622,0.0084,0.0574,0.067,0.0004,83.8,30.0,184.0,409.2,0.5421,0.7945,0.0726,0.4394,0.2055,0.4579,179.8,26.8,0.5149,0.4651,0.6297,0.6297,0.4957,0.3374,0.2545,0.3959,0.6268,0.4475,1.0,237.0,50.6,237.0,489.0,605.6,290.6,63.8,122.6
distractor_para,utility+lr:primary_hits:r2,primary_hits,bm25,5,0.5052,0.0108,0.6832,1.335,0.0347,0.0108,0.0407,0.0286,0.0154,52.2,22.2,184.0,289.8,0.7148,0.8196,0.0771,0.624,0.1804,0.2852,179.8,26.8,0.4951,0.4651,0.6297,0.6297,0.5774,0.2383,0.2545,0.3959,0.6268,0.6208,0.25,68.2,68.2,68.2,0.0,0.0,0.0,0.0,0.0
distractor_para,boundary+lr:primary_hits:r2,primary_hits,bm25,5,0.5135,0.0078,0.6832,1.3508,0.043,0.0078,0.0449,0.0411,0.0025,60.8,23.6,184.0,303.4,0.6678,0.7993,0.0776,0.588,0.2007,0.3322,179.8,26.8,0.5045,0.4651,0.6297,0.6297,0.5582,0.2696,0.2545,0.3959,0.6268,0.5162,0.7539,144.8,42.6,144.8,293.2,451.8,138.2,26.8,75.4
distractor_para,rule:primary_hits,primary_hits,bm25,5,0.5006,0.0,0.6832,1.4254,0.0301,0.0,0.0329,0.0273,0.0034,50.0,24.0,184.0,368.0,0.7279,0.8641,0.0652,0.6142,0.1359,0.2721,179.8,26.8,0.4731,0.4651,0.6297,0.6297,0.86,0.2611,0.2545,0.3959,0.6268,0.8416,1.0,,,,,,,,
distractor_para,rule:primary_hits+veto,primary_hits,bm25,5,0.4971,0.0013,0.6832,1.3857,0.0266,0.0013,0.0259,0.0273,0.0115,45.8,22.8,184.0,333.6,0.7497,0.8625,0.0683,0.6448,0.1375,0.2503,179.8,26.8,0.4744,0.4651,0.6297,0.6297,0.8222,0.2611,0.2545,0.3959,0.6268,0.8196,1.0,,,,,,,,
