id,query,failure_type,recovered_by,gold_hit,gold_missed_rank,topk,audit_ok,audit_note
5a8b57f25542995d1e6f1371,Were Scott Derrickson and Ed Wood of the same nationality?,near_miss,dense+hybrid,Scott Derrickson::0,Ed Wood::0 @13,"Woodson, Arkansas::4 | Sinister (film)::0 | Ed Wood (film)::0 | Scott Derrickson::0 | Adam Collis::3 | Woodson, Arkansas::3 | Deliver Us from Evil (2014 film)::0 | Conrad Brooks::2 | Tyler Bates::2 | Doctor Strange (2016 film)::2",,
5a8db19d5542994ba4e3dd00,Are Local H and For Against both from the United States?,named_miss,dense+hybrid,For Against::0,Local H::0 @21,"For Against::0 | Mendocino County GMO Ban::5 | Amherst, Massachusetts::3 | United States Senate election in Illinois, 1978::1 | Suffrajett::0 | Hallelujah! I'm a Bum (album)::2 | United States Senate election in Illinois, 1978::0 | Amherst, Massachusetts::0 | Wilford H. Fawcett House::0 | William H. Cook Water Tank House::0",,
5a79311755429970f5fffe67,"A Japanese manga series based on a 16 year old high school student Ichitaka Seto, is written and illustrated by someone born in what year?",near_miss,none,I&quot;s::1,Masakazu Katsura::0 @18,I&quot;s::1 | Silver Spoon (manga)::0 | Haven't You Heard? I'm Sakamoto::5 | The Kindaichi Case Files::0 | Clear Skies!::3 | I&quot;s::0 | Neuro: Supernatural Detective::1 | Haven't You Heard? I'm Sakamoto::6 | Neuro: Supernatural Detective::4 | The Prince of Tennis::0,,
5aba7cfe554299232ef4a2fd,The 2017–18 Wigan Athletic F.C. season will be a year in which the team competes in the league cup known as what for sponsorship reasons?,near_miss,dense+hybrid,EFL Cup::0,2017–18 Wigan Athletic F.C. season::1 @13,2017–18 Wigan Athletic F.C. season::0 | EFL Cup::0 | Trinidad and Tobago League Cup::0 | List of Wigan Borough F.C. players::3 | 2017–18 Wigan Athletic F.C. season::2 | 2007–08 Wigan Athletic F.C. season::0 | 2006–07 Wigan Athletic F.C. season::0 | Nick Powell::3 | Springfield Park (Wigan)::3 | 1979–80 Wigan Athletic F.C. season::0,,
5ae2dd2055429928c423950d,"What is the county seat of the county where East Lempster, New Hampshire is located?",near_miss,none,"East Lempster, New Hampshire::0","Sullivan County, New Hampshire::2 @12","East Lempster, New Hampshire::0 | Miner Memorial Library::0 | Sullivan County, New Hampshire::0 | Lempster, New Hampshire::0 | Lempster, New Hampshire::2 | Carroll County, New Hampshire::0 | Woodsville, New Hampshire::2 | Dover, New Hampshire::3 | Hampden County, Massachusetts::5 | Steven D. Smith::0",,
5a7dcc775542990b8f503ab5,Which component of shellite has the formula (ON)CHOH?,near_miss,none,Picric acid::0 | Shellite (explosive)::0,Picric acid::4 @14,Xylitol::3 | Index of alcohol-related articles::1 | Aldonic acid::1 | 1-Hexanol::3 | Picric acid::0 | Conductivity near the percolation threshold::0 | Tetrakis(hydroxymethyl)phosphonium chloride::1 | Shellite (explosive)::0 | 1-Pentanol::0 | Tetrakis(hydroxymethyl)phosphonium chloride::0,,
5ab69c25554299110f219a39,"Which American audio engineer and clandestine chemist, who was a key figure in the San Francisco Bay Area hippie movement during the 1960s recorded the album ""Old and in the Way?""",near_miss,dense+hybrid,Owsley Stanley::0 | Owsley Stanley::1,Old and in the Way (album)::1 @17,Owsley Stanley::1 | Gary Arlington::0 | Owsley Stanley::0 | Old and in the Way (album)::0 | Jory Prum::0 | Codornices Creek::0 | Ragazzi Boys Chorus::0 | Key System::2 | Codornices Creek::4 | Key System::1,,
5abcfc365542993a06baf9d6,"What year did the series on CBS, starring the actor who known for his role in ""Rebel Without a Cause,"" air?",near_miss,none,CBS Television Workshop::0,CBS Television Workshop::1 @12 | James Dean::1 @13,Stewart Stern::1 | Jack Grinnage::2 | Rebel Highway::2 | Casey Braxton::7 | CBS Television Workshop::0 | Sal Mineo::1 | Sal Mineo::0 | Corey Allen::2 | Jack Grinnage::3 | Casey Braxton::3,,
5ab8ee035542991b5579f04b,Are Hot Rod and The Memory of Our People both magazines?,near_miss,dense+hybrid,The Memory of Our People::0,Hot Rod (magazine)::0 @11,The Memory of Our People::0 | Hot Rod Lincoln::1 | Volvo T6::5 | California Hot Rod Reunion::0 | National Hot Rod Reunion::0 | Rat rod::0 | Fender Hot Rod DeVille::4 | Volvo T6::4 | Rat rod::1 | Ala Kart (custom car)::3,,
5a7d19d85542995ed0d165e8,The Tennessee Volunteers football team plays as a member for a conference in what city?,near_miss,none,,1984 Tennessee Volunteers football team::1 @11 | Southeastern Conference::2 @18,1891 Tennessee Volunteers football team::1 | 1896 Tennessee Volunteers football team::0 | 1983 Tennessee Volunteers football team::0 | 1896 Tennessee Volunteers football team::1 | 1891 Tennessee Volunteers football team::0 | 1938 Tennessee Volunteers football team::0 | 1930 Tennessee Volunteers football team::0 | Southeastern Conference::0 | 1899 Tennessee Volunteers football team::0 | 1983 Tennessee Volunteers football team::1,,
5ae7ed17554299540e5a56a3,Ernest Foot was the best friend of the fighter pilot who had how many victories?,bridge_miss,hybrid,Ernest Foot::1,Albert Ball::1 @26,Ernest Foot::1 | Ernest Foot::0 | Fighter Pilot: Operation Red Flag::0 | Lydia Litvyak::1 | Ayesha Farooq::0 | Egon Mayer::3 | Paul Zorner::0 | Ashley Rolfe::0 | Manfred Meurer::1 | Fighter Pilot: Operation Red Flag::2,,
5a73a7c755429978a71e9068,What american actress/singer born in 1956 recorded the song Something there for beauty and the beast?,near_miss,dense+hybrid,Paige O'Hara::0,Something There::1 @13,Paige O'Hara::0 | Marissa Perry::0 | Anna Simpson::0 | Robby Benson::0 | Belle (Disney song)::1 | Beauty and the Beast (Disney song)::4 | Something There::2 | Something There::0 | Evermore (Beauty and the Beast song)::1 | Belle (Disney)::1,,
5adfa3da554299025d62a317,"What is the birthday of the actress who was the Duchess in ""The Revengers Tragedy""?",near_miss,dense,Diana Quick::0 | Revengers Tragedy::0,Revengers Tragedy::2 @19,Grand Duke's Official Birthday::2 | Revengers Tragedy (song)::0 | Revengers Tragedy (song)::1 | Revengers Tragedy (album)::0 | Revengers Tragedy::0 | Emily Jewell::0 | The Revengers' Comedies::0 | The Duchess of Padua::2 | Grand Duke's Official Birthday::1 | Diana Quick::0,,
5abffc41554299012d1db551,"The 1984 film ""Marlene"" is a documentary about an actress born in what year?",near_miss,dense+hybrid,Marlene (1984 film)::0,Marlene Dietrich::0 @15,Marlene (1984 film)::0 | Evelina Simonaho::0 | Julie Ordon::0 | Daniela Castillo::0 | Sara Botsford::0 | Lisa Wilcox::1 | Kishore Dang::6 | Sara Botsford::4 | Kishore Dang::1 | Madhuri Dixit filmography::3,,
5ade24e35542992fa25da6e6,Mamie Gummer played the role of Nancy Crozier on the TV series airing on what network?,bridge_miss,dense,Mamie Gummer::1,The Good Wife::0 @27,Mamie Gummer::1 | Love It or List It Vancouver::0 | Mamie Gummer::0 | Cool Center::0 | The Lightkeepers::0 | Burt Gummer::0 | Burt Gummer::5 | Burt Gummer::1 | Burt Gummer::2 | The Voice Kids (Arabic TV series)::0,,
5ab67772554299110f219a12,What type of media does J. T. Petty and Outlast have in common?,named_miss,dense+hybrid,,J. T. Petty::0 @24 | Outlast::0 @12,Petit jury::7 | M Music &amp; Musicians::5 | Imprest system::1 | M Music &amp; Musicians::2 | Petit jury::6 | Uterine cancer::2 | Kegelhelm::4 | J. T. Petty::2 | Uterine cancer::1 | Kegelhelm::0,,
5a7a014a5542996c55b2dccf,"""Kapitän zur See"" Ernst Lindemann was the commander of which one of two battleships built for Nazi Germany's ""Kriegsmarine""?",near_miss,dense,German battleship Bismarck::0,Ernst Heinrich Lindemann::0 @12,Ernst Heinrich Lindemann::1 | German battleship Bismarck::0 | German battleship Bismarck::3 | Ernst Lindemann::0 | Ernst Kals::0 | Hans Jenisch::0 | Hansjürgen Reinicke::0 | German destroyer Z43::0 | 21st U-boat Flotilla::1 | Wolf Junge::1,,
5ae0f6f5554299422ee99583,"Which record label released Van Morrison's ""I've Been Working"" on the album ""His Band and the Street Choir""?",named_miss,none,I've Been Working::0,His Band and the Street Choir::1 @26,"I've Been Working::0 | I've Been Working::2 | I'll Be Your Lover, Too::1 | His Band and the Street Choir::0 | Domino (Van Morrison song)::1 | The Caledonia Soul Orchestra::2 | Call Me Up in Dreamland::0 | His Band and the Street Choir::5 | Blue Money::1 | Duets: Re-working the Catalogue::0",,
5a7ad9865542995eb53be8aa,"The ""civic rally cross"" was sold alongside what other model sold exclusively in Japan at Honda Verno dealerships? ",bridge_miss,none,Honda Ballade::3 | Honda CR-X::2,Honda Ballade::0 @24 | Honda CR-X::0 @29,Honda Ballade::3 | Honda CR-X::2 | Honda Torneo::1 | Honda Rafaga::4 | Honda Quint::1 | Honda Capa::7 | Honda Quint::3 | Honda Vigor::0 | Honda Civic (third generation)::7 | Honda Inspire::2,,
5ac2546a554299636651997b,"Who has released more studio albums, Candlelight Red or Motion City Soundtrack?",near_miss,none,Candlelight Red::1 | Motion City Soundtrack::2,Motion City Soundtrack::0 @14,Candlelight Red::0 | List of songs recorded by Motion City Soundtrack::0 | Panic Stations (album)::2 | Back to the Beat (EP)::3 | Commit This to Memory::0 | Candlelight Red::1 | My Dinosaur Life::0 | Even If It Kills Me::0 | Panic Stations (album)::0 | Motion City Soundtrack::2,,
5a87411d5542994846c1cd37,"What job did Jörgen Smit work, where he was working in the world center for the anthroposophical movement?",near_miss,dense+hybrid,Goetheanum::0,Jörgen Smit::1 @11,Job sharing::0 | Goetheanum::0 | Jörgen Smit::0 | Job sharing::2 | Polaris (composition)::1 | Triodos Bank::6 | Willem Zeylmans van Emmichoven::2 | Willem Zeylmans van Emmichoven::1 | Howard Smit::1 | Marriott's Orlando World Center::0,,
5a70f1685542994082a3e40f,Which piece did Ludwig van Beethoven publish in 1801 that was dedicated to Count Moritz von Fries? ,bridge_miss,none,Symphony No. 7 (Beethoven)::1,Violin Sonata No. 5 (Beethoven)::0 @16 | Symphony No. 7 (Beethoven)::0 @21,"Symphony No. 7 (Beethoven)::1 | Violin Sonata No. 4 (Beethoven)::0 | Violin Sonata No. 5 (Beethoven)::2 | Symphony No. 1 (Beethoven)::2 | Piano Sonata No. 27 (Beethoven)::1 | Beethoven Gesamtausgabe::1 | Bagatelles, Op. 126 (Beethoven)::1 | Bagatelles, Op. 126 (Beethoven)::0 | Ludwig van Beethoven (Baerer)::0 | Ludwig van Beethoven (1712–1773)::0",,
5adfdc7d55429942ec259b64,"Who was older, George Atzerodt or Andrew Johnson?",near_miss,dense+hybrid,George Atzerodt::0,Andrew Johnson::0 @16,George Atzerodt::0 | Andrew Johnson National Historic Site::1 | Andrew Johnson::2 | Bibliography of Andrew Johnson::0 | Andrew Johnson National Cemetery::0 | President Andrew Johnson Museum and Library::0 | Presidency of Andrew Johnson::0 | Andrew Johnson Building::3 | Inauguration of Andrew Johnson::1 | Andrew Johnson National Historic Site::2,,
5a848b5c5542997175ce1ef2,"What sub-genre of heavy metal describes the band ""It's Alive""?",bridge_miss,dense+hybrid,It's Alive (band)::0,Glam metal::0 @21,It's Alive (band)::0 | Obús::4 | Thanasis Lightbridge::3 | Heavy metal bass::4 | Metalucifer::2 | Obús::0 | Metalucifer::0 | Acrassicauda::0 | Kekal::0 | Heavy metal bass::1,,
5a8fa4d95542995b4424207b,"Which airport is busier, Palm Springs International Airport or Trenton–Mercer Airport?",near_miss,none,Palm Springs International Airport::2 | Trenton–Mercer Airport::0,Trenton–Mercer Airport::2 @16,Trenton–Mercer Airport::0 | Palm Springs International Airport::0 | Naval Air Warfare Center Trenton::1 | Trenton–Mercer Airport::1 | Palm Springs International Film Festival::2 | American Airlines Flight 28::1 | Congress Avenue (Florida)::1 | Palm Springs International Airport::1 | Palm Springs International Airport::2 | Palm Springs International Film Festival::0,,
5ab72b5c5542993667793f63,What country of origin does The Late Late Show and Craig Kilborn have in common?,near_miss,dense+hybrid,The Late Late Show (U.S. TV series)::0,Craig Kilborn::0 @18,Pete Johansson::2 | Trik Turner::3 | David S. Weiss::1 | The Late Late Show with Craig Ferguson::0 | Geoff Peterson::0 | Red Letter Days (album)::3 | The Late Late Show (U.S. TV series)::0 | The Late Late Show with James Corden::1 | The Late Late Show with James Corden::0 | Geoff Peterson::5,,
5ac1a3fa5542991316484b7d,"Although a dependent territory remains politically outside of the controlling state's integral area, what else can it contain?",bridge_miss,dense,Dependent territory::0,Gallery of flags of dependent territories::0 @24,List of leaders of dependent territories::1 | Dependent territory::0 | List of leaders of dependent territories::2 | Protectorate::2 | Shahumyan Region::2 | Protectorate::4 | List of female dependent territory leaders::1 | Realm of New Zealand::0 | Autonomous administrative division::0 | Gallery of flags of dependent territories::1,,
5a7f392b55429934daa2fd26,Wim Jonk manages Cruyff Football together with the footballer who is also currently manager of which team?,near_miss,dense+hybrid,Jordi Cruyff::1 | Wim Jonk::1,Jordi Cruyff::0 @16,"Wim Jonk::1 | Peter Taylor (footballer, born 1953)::0 | Damian Barton::1 | Stuart Charles-Fevrier::1 | Wim Jonk::0 | Jordi Cruyff::1 | Cruyff Turn::0 | Brooke Knight::2 | Carles Rexach::6 | Curtis Woodhouse::1",,
5ac1d40c5542994d76dccef5,What is the population of the city at which the transmitter of WLLZ-LP was placed? ,near_miss,none,WLLZ-LP::1,"Traverse City, Michigan::3 @17","WLLZ-LP::0 | Mount Kaukau::1 | Wentzville, Missouri::2 | Lansing, Michigan::2 | Jacksonville, Florida::1 | White House, Tennessee::3 | Lewisville, Texas::2 | White House, Tennessee::4 | WLLZ-LP::4 | WLLZ-LP::1",,
5a82e25555429954d2e2ebbf,Which author dedicated a 1985 romance novel to the author who did in 2009 and wrote under the pen name Gwyneth Moore?,near_miss,dense+hybrid,A Company of Swans::0 | Patricia Veryan::1,A Company of Swans::1 @11 | Patricia Veryan::0 @14,Patricia Veryan::1 | Gabriel's Inferno::0 | Cherry Ripe (novel)::0 | Morishima Chūryō::4 | Morishima Chūryō::0 | Elizabeth Reid Boyd::0 | Ondine (novel)::0 | Family Album (novel)::0 | A Company of Swans::0 | Sarah MacLean::0,,
5a81e4e8554299676cceb140,In which University is Richard Williams' former assistant a member of the Athletics Hall of Fame?,near_miss,none,Rick Stansbury::3,Richard Williams (basketball coach)::1 @12,Rick Stansbury::3 | Harry Gallatin::5 | Kermit Blosser Ohio Athletics Hall of Fame::0 | Ken Hayes::1 | Osborne Cowles::6 | Speedy Speer::1 | Bill Strannigan::4 | Richard Williams (basketball coach)::0 | Lester Lautenschlaeger::2 | Richard Williams (basketball coach)::5,,
5a7f5ab65542995d8a8dde43,Cheek to cheek tour played shows at what place that is located on the Las Vegas strip that began their tour?,bridge_miss,hybrid,Cheek to Cheek Tour::1,Cosmopolitan of Las Vegas::0 @21,Cheek to Cheek Tour::0 | Cheek to Cheek Tour::3 | Cheek to Cheek Tour::1 | Angels Advocate Tour::2 | Mob Attraction Las Vegas::0 | Naked City Las Vegas::0 | The Colosseum at Caesars Palace::0 | Crazy Horse Too::0 | Angels Advocate Tour::0 | Cheek to Cheek Tour::2,,
5a813b6f55429903bc27b951,What tribe was the Megaoryzomys curioi previously in that Nesoryzomys are also in?,named_miss,none,Nesoryzomys::0,Megaoryzomys::3 @41,Nesoryzomys::1 | Megaoryzomys::0 | Akodontini::2 | Nesoryzomys::0 | Mumo::0 | Berberomeloe::2 | Megaoryzomys::2 | Dayuma::2 | Anthophorini::1 | Dayuma::0,,
5a8759395542994775f607e0,Who is older between the brothers that J. Todd Anderson has primarily worked with?,near_miss,dense+hybrid,J. Todd Anderson::0,Coen brothers::0 @12,"J. Todd Anderson::0 | Raju Sundaram::0 | Aarthi Agarwal::0 | Todd Anderson::0 | John Anderson (footballer, born 1937)::0 | Aarthi Agarwal::1 | The Naked Man (film)::0 | Heartland Poker Tour::1 | Raju Sundaram::2 | Heartland (band)::1",,
5a73cad5554299623ed4ac5e,What Dances with the Wolves star had a role in Powwow Highway?,named_miss,none,,Powwow Highway::2 @27 | Wes Studi::0 @30 | Wes Studi::2 @14,Quinn Armitage and Robert Barr::1 | Powwow Highway::0 | Star Wolves::3 | Powwow Highway::1 | Amanda Wyss::3 | Star Wolves::0 | Star Wolves::2 | Dances with Wolves (soundtrack)::0 | Dances with Wolves (novel)::0 | Mount Eerie Dances with Wolves::1,,
5a85df525542994c784ddb9f,What former president of ABC television is a high ranking officer in the same company as Christine Mccarthy?,near_miss,dense+hybrid,Bob Iger::1 | Christine McCarthy::0 | Christine McCarthy::1,Bob Iger::0 @16,"Christine McCarthy::0 | Bob Iger::1 | Disney–ABC Television Group::1 | Jay Rasulo::1 | Disney–ABC Television Group::2 | Christine McCarthy::1 | Warburton, Punjab, Pakistan::2 | Legatus::0 | Sophie Ferguson::3 | Disney–ABC Television Group::0",,
5abae3205542996cc5e49edc,What award did the writer of Never Let Me Go novel win in 1989?,near_miss,hybrid,Never Let Me Go (novel)::0 | Never Let Me Go (novel)::1 | The Remains of the Day::0,The Remains of the Day::1 @14,The Remains of the Day::0 | Never Let Me Go (novel)::0 | Never Let Me Go (novel)::1 | Never Let Me Go (2010 film)::0 | Never Let Me Go (2010 film)::5 | Grace After Midnight::7 | Never Let You Go: Shindemo Hanasanai::0 | Never Let Me Go (novel)::3 | Never Let Me Go (Johnny Ace song)::0 | Countrified (Farmer Boys album)::2,,
5abbd85a5542993f40c73be1,Who was involved in the arrest of Dread Pirate Roberts?,near_miss,none,Chris Tarbell::0 | Chris Tarbell::1 | Ross Ulbricht::1,Ross Ulbricht::0 @14,Chris Tarbell::1 | Ross Ulbricht::1 | Dread Pirate Roberts::0 | Bartholomew Roberts::0 | Christopher Moore (DJ)::6 | The Dread Crew of Oddwood::0 | Dread Broadcasting Corporation::0 | Pirate decryption::1 | Chris Tarbell::3 | Chris Tarbell::0,,
5ac00f795542996f0d89cb16,The Disney version of Ebenezer Scrooge was voiced by whom?,bridge_miss,none,Alan Young::2 | Mickey's Christmas Carol::2,Alan Young::0 @32 | Alan Young::3 @30,Scrooge (1935 film)::3 | Scrooge (1935 film)::2 | Scrooge (1913 film)::1 | Mickey's Christmas Carol::2 | Scrooge (1935 film)::1 | Ebenezer (film)::0 | Mickey's Christmas Carol::0 | Scrooge (1951 film)::1 | Alan Young::2 | Mickey's Christmas Carol::3,,
5a7652435542992d0ec060a5,"Who was the first Russian composer to make a lasting impression internationally, Alessandro Scarlatti or Pyotr Ilyich Tchaikovsky?",near_miss,dense+hybrid,Alessandro Scarlatti::0 | Pyotr Ilyich Tchaikovsky::1,Pyotr Ilyich Tchaikovsky::0 @11,Pyotr Ilyich Tchaikovsky::1 | Chaikovskij (crater)::3 | Tchaikovsky (film)::1 | Alessandro Scarlatti::0 | Symphony No. 2 (Rachmaninoff)::3 | International Tchaikovsky Competition::1 | Piano Sonata in C-sharp minor (Tchaikovsky)::2 | Piano Concerto No. 2 (Tchaikovsky)::0 | Piano Concerto No. 2 (Tchaikovsky)::2 | Alessandro Scarlatti::2,,
5a863d2d5542991e771815d2,Which utility holding company did Alfred A. Marcus work as a consultant?,near_miss,none,Alfred A. Marcus::1,Xcel Energy::0 @14,Alfred A. Marcus::0 | Electric Bond and Share Company::5 | North American Co. v. SEC::0 | Electric Bond and Share Company::2 | Southern Company::0 | Alfred A. Marcus::1 | TECO Energy::2 | North American Company::1 | North American Light and Power Company::0 | Spire Inc::0,,
5adce0f455429947343537bd,"David Sinclair is a fictional character in ""Numb3rs"", a crime drama produced by what company headquartered in New York City and Los Angeles?",bridge_miss,dense,CBS::1 | David Sinclair (Numbers)::0,CBS::0 @24,CBS::1 | David Sinclair (Numbers)::0 | To Age or Not to Age::3 | Don Eppes::0 | Liz Warner::0 | Alan Eppes::0 | Colby Granger::0 | Larry Fleinhardt::0 | Amita Ramanujan::0 | Charlie Eppes::0,,
5a8518a75542994c784ddaf7,What type of structure does 277 Park Avenue and 126 Madison Avenue have in common?,named_miss,none,277 Park Avenue::0,126 Madison Avenue::1 @40,383 Madison Avenue::3 | 126 Madison Avenue::0 | 277 Park Avenue::0 | 55 Water Street::1 | Squadron A Armory::1 | 55 Water Street::2 | 383 Madison Avenue::2 | Calvary Church (Manhattan)::0 | Metropolitan Life North Building::0 | Metropolitan Life North Building::1,,
5add92885542990dbb2f7e72,How did the chairman of the Luthuanian Union of Actors discribe the star of the film Redirected?,bridge_miss,none,Redirected (film)::0 | Vytautas Šapranauskas::1,Vytautas Šapranauskas::0 @35,"Vytautas Šapranauskas::1 | Redirected (film)::0 | Swedish Union for Theatre, Artists and Media::0 | Nadigar Sangam::0 | Swedish Union for Theatre, Artists and Media::2 | SAG-AFTRA::0 | Spock::2 | Swedish Union for Theatre, Artists and Media::1 | Pornographic film actor::0 | Pornographic film actor::4",,
5adf88995542993344016cd4,Which city is the home of the character that might be based on John Capozzi?,named_miss,dense,John Capozzi::2,John Capozzi::0 @11 | Tommy Carcetti::0 @15 | Tommy Carcetti::1 @23,Lincoln (album)::2 | Direct from Brooklyn::2 | Fictional portrayals of psychopaths::1 | John Capozzi::2 | The Mundanes::4 | Khirbet Qeiyafa::4 | Perseus::0 | Perseus::3 | Saint John's Cathedral Boys' School::7 | Yossarian::0,,
5ae16b925542997b2ef7d1e7,What is the hometown of Duck Down Music artist and complex rapper Pharaohe Monch?,named_miss,none,Pharoahe Monch::0,Duck Down Music::2 @26,W.A.R. (We Are Renegades)::0 | Damage (Pharoahe Monch song)::2 | Hometown Girl::0 | Duck Down Music::0 | Don't Cheat in Our Hometown::0 | Pharoahe Monch::1 | Duck Down Music::1 | Don Neilson::0 | Pharoahe Monch::0 | Desire (Pharoahe Monch album)::1,,
5a80522b5542996402f6a4c1,What population ranking is the Oklahoma city located south of a wilderness area spanning over 5000 acres?,bridge_miss,none,"Charon Gardens Wilderness Area::1 | Lawton, Oklahoma::0 | Lawton, Oklahoma::2",Charon Gardens Wilderness Area::0 @14 | Charon Gardens Wilderness Area::2 @32,"Lawton, Oklahoma::1 | Lawton, Oklahoma::0 | Charon Gardens Wilderness Area::1 | Lawton, Oklahoma::2 | South Prince of Wales Wilderness::2 | Alpine Lakes Wilderness::0 | Bob Marshall Wilderness Complex::0 | The Brothers Wilderness::0 | Alpine Lakes Wilderness::2 | Alpine Lakes Wilderness::1",,
5a8466a75542993344746108,What is the name of the so-called reform opera for Vienna that came before the one first performed in Vienna in the presence of Empress Maria Theresa?,bridge_miss,none,Orfeo ed Euridice::2 | Paride ed Elena::1,Orfeo ed Euridice::0 @30,Orfeo ed Euridice::2 | Paride ed Elena::1 | Romolo ed Ersilia (Hasse)::2 | Romolo ed Ersilia (Hasse)::1 | Maria Theresa thaler::0 | Paride ed Elena::4 | Orfeo ed Euridice::3 | Maria Theresa (film)::1 | Alfred von Arneth::1 | Maria Theresa of Austria (1801–1855)::2,,
5ab8903555429916710eb08e,What city is the flying component of the United States Air Force 432d Wing stationed in,near_miss,none,432d Operations Group::0,Creech Air Force Base::0 @20 | Creech Air Force Base::1 @18,432d Operations Group::0 | 432d Wing::0 | 3d Operations Group::0 | 22d Operations Group::0 | 380th Expeditionary Operations Group::0 | 2d Operations Group::0 | 92d Operations Group::0 | 67th Cyberspace Wing::0 | 380th Expeditionary Operations Group::1 | 432d Wing::2,,
5ae01fcf554299025d62a411,What type of students attend the school adjacent to Pilgram Hospital?,bridge_miss,none,Pilgrim Hospital::0 | Pilgrim Hospital::1,Boston High School::0 @33,"Pilgrim Hospital::2 | Pilgrim Hospital::1 | Pilgrim Hospital::0 | Bryn Athyn School District::3 | Loudonville High School (Ohio)::4 | Davidson Academy (Reno, Nevada)::3 | Middletown High School North::1 | Gracey (Leontine) Elementary School::5 | Immacolata School::1 | Groton-Dunstable Regional High School::2",,
