stage,n_features,routed,best_single,oracle,gain,gain_sd,n_splits
size,3,0.6324,0.634,0.7347,-0.0016,0.003,10
qtype,2,0.6327,0.634,0.7347,-0.0013,0.0019,10
query,4,0.6319,0.634,0.7347,-0.0021,0.0053,10
pool,9,0.6381,0.634,0.7347,0.0041,0.0068,10
primary_hits,19,0.6373,0.634,0.7347,0.0033,0.0083,10
probe,23,0.6331,0.634,0.7347,-0.0009,0.0094,10
question_knn5,5,0.6249,0.634,0.7347,-0.0091,0.0074,10
question_knn20,20,0.6283,0.634,0.7347,-0.0057,0.0099,10
question_knn5_discordant,5,0.6283,0.634,0.7347,-0.0057,0.0081,10
question_knn20_discordant,20,0.6317,0.634,0.7347,-0.0023,0.0071,10
question_dense_knn5,5,0.6283,0.634,0.7347,-0.0057,0.0075,10
question_dense_knn20,20,0.6344,0.634,0.7347,0.0004,0.0053,10
question_dense_knn5_discordant,5,0.6325,0.634,0.7347,-0.0015,0.0058,10
question_dense_knn20_discordant,20,0.6368,0.634,0.7347,0.0028,0.0062,10
