target,stage,n,n_pos,n_features,auc,auc_sd,n_splits
hit:bm25,size,1500,758,3,0.5587,0.015,10
hit:bm25,qtype,1500,758,2,0.5497,0.0082,10
hit:bm25,query,1500,758,4,0.4983,0.0133,10
hit:bm25,pool,1500,758,9,0.555,0.0106,10
hit:bm25,primary_hits,1500,758,19,0.572,0.011,10
hit:bm25,probe,1500,758,23,0.6329,0.0106,10
hit:dense,size,1500,926,3,0.5586,0.0112,10
hit:dense,qtype,1500,926,2,0.5714,0.0109,10
hit:dense,query,1500,926,4,0.5544,0.0106,10
hit:dense,pool,1500,926,9,0.5752,0.0111,10
hit:dense,primary_hits,1500,926,19,0.5944,0.0066,10
hit:dense,probe,1500,926,23,0.5972,0.0131,10
hit:hybrid,size,1500,951,3,0.5435,0.0119,10
hit:hybrid,qtype,1500,951,2,0.5655,0.0086,10
hit:hybrid,query,1500,951,4,0.5179,0.017,10
hit:hybrid,pool,1500,951,9,0.5482,0.0129,10
hit:hybrid,primary_hits,1500,951,19,0.574,0.0144,10
hit:hybrid,probe,1500,951,23,0.5758,0.014,10
bm25>dense,size,462,147,3,0.5004,0.0326,10
bm25>dense,qtype,462,147,2,0.5546,0.0202,10
bm25>dense,query,462,147,4,0.6231,0.0253,10
bm25>dense,pool,462,147,9,0.6387,0.0256,10
bm25>dense,primary_hits,462,147,19,0.6262,0.0405,10
bm25>dense,probe,462,147,23,0.6554,0.0351,10
bm25>hybrid,size,303,55,3,0.4821,0.0218,10
bm25>hybrid,qtype,303,55,2,0.5577,0.027,10
bm25>hybrid,query,303,55,4,0.6279,0.0311,10
bm25>hybrid,pool,303,55,9,0.5909,0.0372,10
bm25>hybrid,primary_hits,303,55,19,0.5632,0.0506,10
bm25>hybrid,probe,303,55,23,0.6203,0.0495,10
dense>hybrid,size,219,97,3,0.5435,0.0218,10
dense>hybrid,qtype,219,97,2,0.4876,0.014,10
dense>hybrid,query,219,97,4,0.5815,0.0282,10
dense>hybrid,pool,219,97,9,0.6203,0.0275,10
dense>hybrid,primary_hits,219,97,19,0.6258,0.0145,10
dense>hybrid,probe,219,97,23,0.5982,0.0405,10
