a,b,metric,mean_a,mean_b,diff,ci_lo,ci_hi,only_a,only_b,mcnemar_p
bm25_musique_confirm,bm25_k7_musique_confirm,em,0.138,0.152,0.014,-0.003,0.031,29,43,0.12492
bm25_musique_confirm,bm25_k7_musique_confirm,retrieval_correct,0.169,0.243,0.074,0.058,0.091,0,74,0.0
bm25_musique_confirm,bm25_k7_musique_confirm,illusion,0.078,0.073,-0.005,-0.019,0.009,28,23,0.57585
bm25_musique_confirm,bm25_k7_musique_confirm,unexplained,0.002,0.001,-0.001,-0.004,0.002,2,1,1.0
bm25_musique_confirm,bm25_k7_musique_confirm,f1,0.2237,0.2496,0.0259,0.0082,0.0432,,,
bm25_musique_confirm,hybrid_musique_confirm,em,0.138,0.173,0.035,0.015,0.056,37,72,0.00103
bm25_musique_confirm,hybrid_musique_confirm,retrieval_correct,0.169,0.278,0.109,0.086,0.133,24,133,0.0
bm25_musique_confirm,hybrid_musique_confirm,illusion,0.078,0.074,-0.004,-0.02,0.012,34,30,0.70798
bm25_musique_confirm,hybrid_musique_confirm,unexplained,0.002,0.003,0.001,-0.002,0.005,1,2,1.0
bm25_musique_confirm,hybrid_musique_confirm,f1,0.2237,0.2733,0.0496,0.0277,0.0721,,,
bm25_musique_confirm,hybrid_ircot_musique_confirm,em,0.138,0.223,0.085,0.061,0.109,36,121,0.0
bm25_musique_confirm,hybrid_ircot_musique_confirm,retrieval_correct,0.169,0.553,0.384,0.352,0.415,11,395,0.0
bm25_musique_confirm,hybrid_ircot_musique_confirm,illusion,0.078,0.051,-0.027,-0.044,-0.009,54,27,0.0036
bm25_musique_confirm,hybrid_ircot_musique_confirm,unexplained,0.002,0.0,-0.002,-0.005,0.0,2,0,0.5
bm25_musique_confirm,hybrid_ircot_musique_confirm,f1,0.2237,0.3374,0.1137,0.0888,0.1388,,,
bm25_k7_musique_confirm,hybrid_musique_confirm,em,0.152,0.173,0.021,0.0,0.043,49,70,0.06629
bm25_k7_musique_confirm,hybrid_musique_confirm,retrieval_correct,0.243,0.278,0.035,0.01,0.06,65,100,0.00793
bm25_k7_musique_confirm,hybrid_musique_confirm,illusion,0.073,0.074,0.001,-0.014,0.016,30,31,1.0
bm25_k7_musique_confirm,hybrid_musique_confirm,unexplained,0.001,0.003,0.002,0.0,0.005,0,2,0.5
bm25_k7_musique_confirm,hybrid_musique_confirm,f1,0.2496,0.2733,0.0237,0.0027,0.0454,,,
bm25_k7_musique_confirm,hybrid_ircot_musique_confirm,em,0.152,0.223,0.071,0.047,0.095,40,111,0.0
bm25_k7_musique_confirm,hybrid_ircot_musique_confirm,retrieval_correct,0.243,0.553,0.31,0.278,0.342,28,338,0.0
bm25_k7_musique_confirm,hybrid_ircot_musique_confirm,illusion,0.073,0.051,-0.022,-0.038,-0.005,47,25,0.01277
bm25_k7_musique_confirm,hybrid_ircot_musique_confirm,unexplained,0.001,0.0,-0.001,-0.003,0.0,1,0,1.0
bm25_k7_musique_confirm,hybrid_ircot_musique_confirm,f1,0.2496,0.3374,0.0878,0.0648,0.1111,,,
hybrid_musique_confirm,hybrid_ircot_musique_confirm,em,0.173,0.223,0.05,0.031,0.069,22,72,0.0
hybrid_musique_confirm,hybrid_ircot_musique_confirm,retrieval_correct,0.278,0.553,0.275,0.247,0.303,0,275,0.0
hybrid_musique_confirm,hybrid_ircot_musique_confirm,illusion,0.074,0.051,-0.023,-0.038,-0.008,41,18,0.00379
hybrid_musique_confirm,hybrid_ircot_musique_confirm,unexplained,0.003,0.0,-0.003,-0.007,0.0,3,0,0.25
hybrid_musique_confirm,hybrid_ircot_musique_confirm,f1,0.2733,0.3374,0.0641,0.0454,0.0832,,,
