policy,stage,default,n_orders,rate,rate_sd,oracle,cost,gain,gain_sd,gain_half1,gain_half2,mcnemar_p_max,only_policy,only_default,n_recoverable,n_fired,repeated_failure,false_application,harm,false_rejection,boundary_precision,boundary_recall,n_lessons,n_active,op_create,op_narrow,op_expand,op_exception,op_split,op_retire
fixed:bm25,query,bm25,5,0.1767,0.0,0.4108,1.0,0.0,0.0,0.0,0.0,1.0,0.0,0.0,566.0,0.0,1.0,,,1.0,,0.0,,,,,,,,
fixed:dense,query,bm25,5,0.3256,0.0,0.4108,1.0,0.1489,0.0,0.144,0.1538,0.0,501.0,141.0,566.0,0.0,0.115,,,1.0,,0.0,,,,,,,,
fixed:hybrid,query,bm25,5,0.2809,0.0,0.4108,1.0,0.1043,0.0,0.1025,0.106,0.0,311.0,59.0,566.0,0.0,0.4499,,,1.0,,0.0,,,,,,,,
probe,query,bm25,5,0.4108,0.0,0.4108,3.0,0.2342,0.0,0.2303,0.238,0.0,566.0,0.0,566.0,0.0,0.0,,,1.0,,0.0,,,,,,,,
router:query,query,bm25,5,0.3189,0.0015,0.4108,1.0,0.1422,0.0015,0.1336,0.1509,0.0,456.2,112.4,566.0,0.0,0.1926,,,1.0,,0.0,,,,,,,,
knn20:query,query,bm25,5,0.3155,0.0041,0.4108,1.0,0.1388,0.0041,0.1354,0.1423,0.0,445.4,109.8,566.0,0.0,0.2117,,,1.0,,0.0,,,,,,,,
utility:query,query,bm25,5,0.3082,0.0026,0.4108,1.0,0.1315,0.0026,0.1174,0.1456,0.0,432.2,114.4,566.0,1930.6,0.235,0.7761,0.0592,0.1221,0.2239,0.765,62.4,62.4,62.4,0.0,0.0,0.0,0.0,0.0
boundary:query,query,bm25,5,0.2549,0.0037,0.4108,1.0,0.0782,0.0037,0.0652,0.0911,0.0,251.8,62.8,566.0,1132.4,0.5543,0.7776,0.0554,0.4524,0.2224,0.4457,1618.0,184.2,1618.0,242.0,2200.4,3305.8,744.2,689.6
utility:query:r2,query,bm25,5,0.3207,0.003,0.4108,1.0,0.1441,0.003,0.1366,0.1515,0.0,477.4,129.2,566.0,2278.0,0.1551,0.7904,0.0567,0.029,0.2096,0.8449,21.4,21.4,21.4,0.0,0.0,0.0,0.0,0.0
boundary:query:r2,query,bm25,5,0.2582,0.0077,0.4108,1.0,0.0815,0.0077,0.0719,0.0911,0.0,265.2,68.2,566.0,1228.2,0.5306,0.7843,0.0556,0.4262,0.2157,0.4694,1450.2,116.4,1450.2,387.4,1640.0,2886.8,666.8,667.0
utility+lr:query:r2,query,bm25,5,0.1931,0.0029,0.4108,1.0,0.0165,0.0029,0.0235,0.0094,0.0005,49.8,10.0,566.0,418.4,0.9119,0.8808,0.0241,0.8747,0.1192,0.0881,21.4,21.4,21.4,0.0,0.0,0.0,0.0,0.0
boundary+lr:query:r2,query,bm25,5,0.2374,0.0091,0.4108,1.0,0.0607,0.0091,0.0613,0.0602,0.0,198.0,51.2,566.0,999.4,0.6496,0.8024,0.0514,0.537,0.1976,0.3504,843.2,73.0,843.2,276.8,949.2,1623.4,364.4,405.8
router:pool,pool,bm25,5,0.3149,0.0029,0.4108,1.0,0.1383,0.0029,0.129,0.1476,0.0,442.0,107.8,566.0,0.0,0.2177,,,1.0,,0.0,,,,,,,,
knn20:pool,pool,bm25,5,0.3163,0.002,0.4108,1.0,0.1396,0.002,0.1321,0.1471,0.0,451.4,114.0,566.0,0.0,0.2011,,,1.0,,0.0,,,,,,,,
utility:pool,pool,bm25,5,0.2529,0.0057,0.4108,1.0,0.0762,0.0057,0.0508,0.1016,0.0,242.8,58.6,566.0,1003.8,0.5703,0.758,0.0584,0.4878,0.242,0.4297,290.4,290.4,290.4,0.0,0.0,0.0,0.0,0.0
boundary:pool,pool,bm25,5,0.2602,0.0027,0.4108,1.0,0.0835,0.0027,0.0666,0.1004,0.0,267.8,66.0,566.0,1081.8,0.526,0.7524,0.0611,0.4336,0.2476,0.474,1193.2,218.0,1193.2,530.6,2340.4,2193.0,503.6,471.6
utility:pool:r2,pool,bm25,5,0.3146,0.0018,0.4108,1.0,0.1379,0.0018,0.1281,0.1477,0.0,452.8,119.4,566.0,2160.6,0.1986,0.7904,0.0553,0.0616,0.2096,0.8014,52.2,52.2,52.2,0.0,0.0,0.0,0.0,0.0
boundary:pool:r2,pool,bm25,5,0.2719,0.0059,0.4108,1.0,0.0952,0.0059,0.0864,0.1041,0.0,306.2,76.0,566.0,1398.4,0.458,0.7811,0.0543,0.3384,0.2189,0.542,1273.0,129.6,1273.0,1016.6,1960.2,2500.0,581.0,562.4
utility+lr:pool:r2,pool,bm25,5,0.2115,0.005,0.4108,1.0,0.0348,0.005,0.044,0.0256,0.0,102.2,18.0,566.0,667.8,0.8191,0.847,0.0268,0.7437,0.153,0.1809,52.2,52.2,52.2,0.0,0.0,0.0,0.0,0.0
boundary+lr:pool:r2,pool,bm25,5,0.2492,0.0062,0.4108,1.0,0.0725,0.0062,0.0685,0.0764,0.0,239.0,63.8,566.0,1129.8,0.577,0.7887,0.0563,0.4736,0.2113,0.423,689.0,87.6,689.0,623.2,1243.2,1302.2,290.6,310.8
router:primary_hits,primary_hits,bm25,5,0.3069,0.0052,0.4108,1.9052,0.1302,0.0052,0.1224,0.1381,0.0,418.6,103.8,566.0,0.0,0.2591,,,1.0,,0.0,,,,,,,,
knn20:primary_hits,primary_hits,bm25,5,0.3186,0.002,0.4108,1.9025,0.1419,0.002,0.1306,0.1532,0.0,457.4,114.4,566.0,0.0,0.1905,,,1.0,,0.0,,,,,,,,
utility:primary_hits,primary_hits,bm25,5,0.2058,0.002,0.4108,1.136,0.0291,0.002,0.0103,0.048,0.0,89.0,18.6,566.0,328.6,0.8425,0.7251,0.0552,0.8223,0.2749,0.1575,516.8,516.8,516.8,0.0,0.0,0.0,0.0,0.0
boundary:primary_hits,primary_hits,bm25,5,0.2579,0.0025,0.4108,1.3954,0.0813,0.0025,0.0545,0.108,0.0,252.0,55.6,566.0,955.8,0.554,0.7365,0.058,0.4888,0.2635,0.446,1504.6,424.0,1504.6,1493.0,5157.4,2675.4,613.6,467.0
utility:primary_hits:r2,primary_hits,bm25,5,0.3056,0.002,0.4108,1.7982,0.1289,0.002,0.1147,0.1431,0.0,420.4,108.8,566.0,1929.2,0.2559,0.782,0.0564,0.137,0.218,0.7441,102.8,102.8,102.8,0.0,0.0,0.0,0.0,0.0
boundary:primary_hits:r2,primary_hits,bm25,5,0.2834,0.0031,0.4108,1.5877,0.1067,0.0031,0.0902,0.1232,0.0,332.8,74.8,566.0,1420.4,0.411,0.7657,0.0526,0.3087,0.2343,0.589,1566.6,256.8,1566.6,2454.0,4548.4,3091.4,714.6,595.2
utility+lr:primary_hits:r2,primary_hits,bm25,5,0.2249,0.0033,0.4108,1.3527,0.0482,0.0033,0.0548,0.0417,0.0,151.0,34.4,566.0,852.4,0.7327,0.8224,0.0402,0.6403,0.1776,0.2673,102.8,102.8,102.8,0.0,0.0,0.0,0.0,0.0
boundary+lr:primary_hits:r2,primary_hits,bm25,5,0.2606,0.0096,0.4108,1.4842,0.0839,0.0096,0.0712,0.0966,0.0,261.2,58.4,566.0,1170.2,0.5377,0.7771,0.05,0.4315,0.2229,0.4623,669.8,123.6,669.8,1127.4,2209.6,1202.2,268.0,278.2
rule:primary_hits,primary_hits,bm25,5,0.2234,0.0,0.4108,1.4501,0.0468,0.0,0.0445,0.049,0.0,168.0,55.0,566.0,1088.0,0.703,0.8456,0.0506,0.5391,0.1544,0.297,,,,,,,,
rule:primary_hits+veto,primary_hits,bm25,5,0.222,0.0006,0.4108,1.4381,0.0453,0.0006,0.0424,0.0483,0.0,163.6,54.0,566.0,1059.0,0.7105,0.8454,0.051,0.5497,0.1546,0.2895,,,,,,,,
