quant,top_k,rerank,n,em,f1,retrieval_correct,tokens_per_s,latency_s,peak_memory_mb,device
4bit,5,False,100,0.46,0.6018,0.45,10.1,0.445,4877.1,M5 Pro (Metal)
4bit,5,True,100,0.45,0.5705,0.45,10.4,0.466,4877.1,M5 Pro (Metal)
4bit,10,False,100,0.48,0.6027,0.59,7.2,0.54,5050.3,M5 Pro (Metal)
4bit,10,True,100,0.49,0.6104,0.51,9.9,0.476,4882.2,M5 Pro (Metal)
4bit,20,False,100,0.47,0.606,0.85,5.5,0.74,5123.1,M5 Pro (Metal)
4bit,20,True,100,0.51,0.6122,0.54,10.1,0.547,4887.6,M5 Pro (Metal)
8bit,5,False,100,0.43,0.5844,0.45,8.0,2.005,8498.4,M5 Pro (Metal)
8bit,5,True,100,0.46,0.5926,0.45,7.9,0.549,8498.4,M5 Pro (Metal)
8bit,10,False,100,0.49,0.6264,0.59,6.1,0.634,8858.0,M5 Pro (Metal)
8bit,10,True,100,0.52,0.6263,0.51,8.1,0.579,8498.7,M5 Pro (Metal)
8bit,20,False,100,0.53,0.6453,0.85,4.7,0.884,8913.0,M5 Pro (Metal)
8bit,20,True,100,0.51,0.6254,0.54,8.2,0.641,8499.9,M5 Pro (Metal)
